ID,小区名,地址,经度,纬度,均价(元/平米),总住户,总面积,绿化率,建造年代,LINK
1,万象新天,防城港市工业北路63号,117.153409,36.731641,8751,暂无数据,暂无数据,0%（绿化率适中）,暂无数据,http://jinan.anjuke.com/community/view/304312
2,万科城,防城港市奥体西路与工业南路交汇北800米,117.116339,36.6860396,13026,暂无数据,600000平方米（大型小区）,36%（绿化率高）,2015-00,http://jinan.anjuke.com/community/view/585785
3,恒大名都,防城港市济南市历城区唐冶新区敬德街555号,117.23038901736,36.682642476163,7864,暂无数据,128000平方米（大型小区）,0%（绿化率适中）,暂无数据,http://jinan.anjuke.com/community/view/306341
4,恒大城,防城港市工业北路,117.150937,36.7246217,8814,6959户,28平方米（小型小区）,36%（绿化率高）,2010-01,http://jinan.anjuke.com/community/view/326658
5,中铁·逸都国际,防城港市高新经十路与凤凰路交界处东南侧...,117.169219,36.653977,10191,1440户,1000000平方米（大型小区）,40%（绿化率高）,2013-00,http://jinan.anjuke.com/community/view/478210
6,中海国际社区,防城港市市中北靠南二环路，由市区沿阳光...,116.986123,36.607643,11312,-15536户,3000000平方米（大型小区）,40%（绿化率高）,2011-10,http://jinan.anjuke.com/community/view/315795
7,建大花园,防城港市经十东路山东建筑大学西侧,117.183807,36.6851148,12200,2200户,320000平方米（大型小区）,40%（绿化率高）,2010-09,http://jinan.anjuke.com/community/view/398812
8,重汽翡翠清河,防城港市二环东路和将军路交叉口东北角,117.07184,36.7103494,11487,2200户,303000平方米（大型小区）,50%（绿化率高）,2013-04,http://jinan.anjuke.com/community/view/289362
9,银丰唐郡,防城港市历城区唐冶新区围子山西麓,117.24147840705,36.683865449636,7560,暂无数据,暂无数据,0%（绿化率适中）,暂无数据,http://jinan.anjuke.com/community/view/764869
10,绿地国际花都,防城港市槐荫区党杨路和刘长山路交汇处 ,116.900107,36.6287211,7240,1458户,160219平方米（大型小区）,45%（绿化率高）,2013-12,http://jinan.anjuke.com/community/view/398818
11,中建凤栖第,防城港市经十东路，东靠山东建筑大学、西...,117.183594,36.6820528,8672,2609户,418400平方米（大型小区）,36%（绿化率高）,2013-12,http://jinan.anjuke.com/community/view/407304
12,尚品燕园,防城港市奥体西路与花园路交叉口,117.113488,36.705593,12187,暂无数据,300000平方米（大型小区）,42%（绿化率高）,2014-00,http://jinan.anjuke.com/community/view/453324
13,保利华庭,防城港市花园东路与奥体西路交叉口,117.11165208186,36.696925672125,11943,暂无数据,暂无数据,0%（绿化率适中）,暂无数据,http://jinan.anjuke.com/community/view/764867
14,外海中央花园,防城港市槐荫经十路29514号,116.91004755923,36.656903546673,8543,暂无数据,暂无数据,0%（绿化率适中）,暂无数据,http://jinan.anjuke.com/community/view/727474
15,鲁商凤凰城,防城港市济南市高新区经十路与唐冶东路交...,117.23000588392,36.686045041283,6919,3296户,140平方米（小型小区）,35%（绿化率高）,2015-01,http://jinan.anjuke.com/community/view/658204
16,明湖白鹭郡,防城港市康虹路与开拓路交叉口往西200米,117.141302,36.6963114,10729,3400户,200000平方米（大型小区）,35%（绿化率高）,2016-12,http://jinan.anjuke.com/community/view/398788
17,诚基中心,防城港市和平路47号,117.052032,36.6669353,9028,318户,330000平方米（大型小区）,35%（绿化率高）,2008-06,http://jinan.anjuke.com/community/view/226202
18,南益名泉春晓,防城港市天桥堤口路大润发向东100米（区政...,116.994311,36.6835089,12139,1253户,550000平方米（大型小区）,40%（绿化率高）,2011-07,http://jinan.anjuke.com/community/view/398914
19,国华印象,防城港市高新高新区经十东路与凤凰路交汇...,117.157493,36.6721268,11390,150户,340000平方米（大型小区）,35%（绿化率高）,2013-10,http://jinan.anjuke.com/community/view/398799
20,中建·锦绣城,防城港市齐鲁大道与兴福寺路交汇处,116.907576,36.6831075,7865,6500户,1080000平方米（大型小区）,35%（绿化率高）,2014-09,http://jinan.anjuke.com/community/view/498617
21,绿城百合花园,防城港市奥体中路与中林路交汇处,117.12112,36.71035,12807,1079户,678408平方米（大型小区）,36%（绿化率高）,2013-03,http://jinan.anjuke.com/community/view/378666
22,汇福山庄,防城港市奥体中心经十东路,117.185225,36.6835635,11131,110户,140000平方米（大型小区）,40%（绿化率高）,2012-12,http://jinan.anjuke.com/community/view/307603
23,官扎营新区,防城港市官扎营后街82号,116.99065128056,36.682073679248,8517,暂无数据,暂无数据,0%（绿化率适中）,暂无数据,http://jinan.anjuke.com/community/view/763978
24,祥泰·新河湾,防城港市花园东路,117.151913,36.7039907,9064,1376户,180000平方米（大型小区）,37%（绿化率高）,2014-12,http://jinan.anjuke.com/community/view/511352
25,恒大绿洲,防城港市大学路与凤凰路交叉口东北侧,116.786038,36.563836,6025,14000户,350000平方米（大型小区）,32%（绿化率高）,2012-09,http://jinan.anjuke.com/community/view/398796
26,中海华山珑城,防城港市二环东路与小清河北路交汇处路北,117.05826870505,36.724541362366,6954,暂无数据,暂无数据,0%（绿化率适中）,暂无数据,http://jinan.anjuke.com/community/view/765781
27,华润中央公园,防城港市舜耕路与二环南路交汇处向东2公里,117.041306,36.6064208,13401,2372户,370000平方米（大型小区）,35%（绿化率高）,2014-04,http://jinan.anjuke.com/community/view/522364
28,恒大帝景,防城港市历下文化东路与山大路交叉口,117.059245,36.6619593,19763,1230户,120000平方米（大型小区）,45%（绿化率高）,2015-12,http://jinan.anjuke.com/community/view/505952
29,鲁邦奥林逸城,防城港市：汉峪金谷以南，龙奥北路与凤凰...,117.15907430565,36.663317907595,9447,暂无数据,暂无数据,0%（绿化率适中）,暂无数据,http://jinan.anjuke.com/community/view/720899
30,保利海德公馆,防城港市历城二环东路与花园路交汇处东行5...,117.08612,36.6978754,12999,2000户,104500平方米（大型小区）,35%（绿化率高）,2013-12,http://jinan.anjuke.com/community/view/398766
31,宏瑞国际星城,防城港市白马山南路19号,116.960953,36.6307147,8039,4144户,266800平方米（大型小区）,40%（绿化率高）,2012-06,http://jinan.anjuke.com/community/view/289555
32,保利大名湖,防城港市历下明湖东路北侧，保利芙蓉西邻,117.045462,36.6847653,17670,400户,230000平方米（大型小区）,39%（绿化率高）,2012-12,http://jinan.anjuke.com/community/view/398779
33,济高舜奥华府,防城港市历下经十路与舜华南路交汇处,117.151052,36.6603701,11832,2200户,570000平方米（大型小区）,38%（绿化率高）,2013-08,http://jinan.anjuke.com/community/view/398920
34,盛景家园（商住区）,防城港市奥体中路与花园东路交交汇处，路...,117.121042,36.7039875,11684,1995户,38平方米（小型小区）,40%（绿化率高）,2014-10,http://jinan.anjuke.com/community/view/408042
35,盛世名门,防城港市三孔桥街与北园大街交汇处往南200米,117.013865,36.6864773,10551,1925户,210000平方米（大型小区）,35%（绿化率高）,2011-12,http://jinan.anjuke.com/community/view/225894
36,世茂天城,防城港市天桥区政府南临,116.99446694529,36.683227061521,10121,暂无数据,暂无数据,0%（绿化率适中）,暂无数据,http://jinan.anjuke.com/community/view/730720
37,路劲御景城,防城港市槐荫纬十二路9号（纬十二路与堤口...,116.97075,36.6740365,12077,2900户,410000平方米（大型小区）,40%（绿化率高）,2011-01,http://jinan.anjuke.com/community/view/398885
38,卢浮公馆,防城港市东至纬十二路、南至道德北街、西...,116.977215,36.6629491,13976,2519户,490000平方米（大型小区）,36%（绿化率高）,2012-07,http://jinan.anjuke.com/community/view/398801
39,馆驿街新区,防城港市馆驿街,117.00704956055,36.674240112305,11136,920户,10000平方米（中型小区）,25%（绿化率适中）,2009-01,http://jinan.anjuke.com/community/view/246965
40,德裕家园,防城港市经六路与经四路交叉口,116.9761505127,36.664352416992,9849,3550户,314685平方米（大型小区）,35%（绿化率高）,2012-08,http://jinan.anjuke.com/community/view/514175
41,高速花园,防城港市旅游路与二环东路交叉口,117.07532501221,36.643489837646,12630,暂无数据,202000平方米（大型小区）,30%（绿化率高）,2013-12,http://jinan.anjuke.com/community/view/555470
42,重汽翡翠外滩,防城港市将军路以西，小清河北路以北,117.064466,36.7151564,9337,2462户,432990平方米（大型小区）,35%（绿化率高）,2013-11,http://jinan.anjuke.com/community/view/407999
43,胜利大街小学学区,防城港市德胜南街,117.01165599675,36.65746897862,20709,暂无数据,暂无数据,0%（绿化率适中）,暂无数据,http://jinan.anjuke.com/community/view/469267
44,宝华新区,防城港市宝华新区,116.98675537109,36.681297302246,9093,暂无数据,暂无数据,35%（绿化率高）,2012-10,http://jinan.anjuke.com/community/view/584017
45,鲍德现代逸城,防城港市历下解放东路34号（历下公安分局...,117.096911,36.6699024,16958,1600户,270000平方米（大型小区）,40%（绿化率高）,2012-09,http://jinan.anjuke.com/community/view/398787
46,绿景尚品,防城港市利农庄路8号,117.05498,36.6808555,16579,555户,99001平方米（中型小区）,35%（绿化率高）,2013-05,http://jinan.anjuke.com/community/view/272068
47,三庆·城市主人,防城港市东凤山路与兴港路交汇口处,117.176348,36.6788781,9243,暂无数据,294100平方米（大型小区）,35%（绿化率高）,2016-12,http://jinan.anjuke.com/community/view/495856
48,黄金山水郡,防城港市历下旅游路以南,117.083747,36.642149,17344,2112户,67246平方米（中型小区）,38%（绿化率高）,2014-08,http://jinan.anjuke.com/community/view/409085
49,力高国际,防城港市奥体西路与花园路延长线交汇处,117.115132,36.6994853,12207,1961户,215000平方米（大型小区）,35%（绿化率高）,2014-01,http://jinan.anjuke.com/community/view/408034
50,福景佳苑,防城港市市中北康路以北铁路南苑小区西侧,116.99691496994,36.596514274461,9420,暂无数据,暂无数据,0%（绿化率适中）,暂无数据,http://jinan.anjuke.com/community/view/627952
51,万科天泰金域国际,防城港市奥体中心东300米经十路北,117.146968,36.6673912,14138,686户,200000平方米（大型小区）,35%（绿化率高）,2014-06,http://jinan.anjuke.com/community/view/567489
52,金科城,防城港市经十路与齐州路交叉口（槐荫区政...,116.90431213379,36.657615661621,7423,6420户,1500000平方米（大型小区）,40%（绿化率高）,2016-10,http://jinan.anjuke.com/community/view/628297
53,融汇爱都,防城港市市中区二环南路与英雄山路东南角...,117.00257865437,36.590969762128,8641,暂无数据,暂无数据,0%（绿化率适中）,暂无数据,http://jinan.anjuke.com/community/view/730198
54,中海国际别墅,防城港市二环南路6850号,116.98291618705,36.619495657779,15397,103户,136412平方米（大型小区）,35%（绿化率高）,2014-04,http://jinan.anjuke.com/community/view/610723
55,鑫泉花园,防城港市电建路北段,117.07821655273,36.71533203125,8849,暂无数据,暂无数据,30%（绿化率高）,1997-05,http://jinan.anjuke.com/community/view/306228
56,天鸿万象新天,防城港市历城刘志远路与工业北路交叉口北临,117.153661,36.7297003,8826,-5536户,6000000平方米（大型小区）,40%（绿化率高）,2012-12,http://jinan.anjuke.com/community/view/398904
57,恒生伴山,防城港市历城经十东路与凤岐路交叉路口以...,117.184113,36.6774402,8958,1890户,170000平方米（大型小区）,40%（绿化率高）,2013-01,http://jinan.anjuke.com/community/view/398899
58,宏瑞星城,防城港市市中白马山南路2号,116.953495,36.626729,7951,4144户,266800平方米（大型小区）,40%（绿化率高）,2016-06,http://jinan.anjuke.com/community/view/478507
59,钢城新苑,防城港市济钢新村南侧,117.19255065918,36.715606689453,9492,8000户,暂无数据,35%（绿化率高）,2010-09,http://jinan.anjuke.com/community/view/287692
60,祥泰城,防城港市工业北路幸福柳广场西300米,117.10717092544,36.725797026422,8294,暂无数据,暂无数据,0%（绿化率适中）,暂无数据,http://jinan.anjuke.com/community/view/764866
61,祥泰城,防城港市工业北路幸福柳广场西300米,117.10717092544,36.725797026422,8294,暂无数据,暂无数据,0%（绿化率适中）,暂无数据,http://jinan.anjuke.com/community/view/764866
62,文华园,防城港市泺源大街与历山路交汇处南行50米...,117.032185,36.6667633,20402,1200户,160000平方米（大型小区）,35%（绿化率高）,2010-12,http://jinan.anjuke.com/community/view/226073
63,涵玉翠岭,防城港市旅游路南侧,117.165452,36.6516806,10069,1570户,332370平方米（大型小区）,35%（绿化率高）,2007-10,http://jinan.anjuke.com/community/view/244770
64,奥龙官邸,防城港市经十东路,117.029032,36.650749,13794,暂无数据,暂无数据,0%（绿化率适中）,暂无数据,http://jinan.anjuke.com/community/view/507550
65,万盛园小区新区,防城港市堤口路110号,116.97653229226,36.67707651068,10159,1500户,60000平方米（中型小区）,35%（绿化率高）,2002-01,http://jinan.anjuke.com/community/view/412481
66,舜奥嘉园,防城港市舜华南路西侧、玉顶山南侧,117.150776,36.662197,11490,暂无数据,暂无数据,0%（绿化率适中）,暂无数据,http://jinan.anjuke.com/community/view/266221
67,公安厅丽景苑,防城港市阳光新路二环南路向北400米,117.00032157167,36.618340138754,12250,990户,26000平方米（中型小区）,35%（绿化率高）,2014-01,http://jinan.anjuke.com/community/view/582833
68,普利林景山庄,防城港市经十东路3366号,117.178655,36.6718944,6801,2000户,400000平方米（大型小区）,40%（绿化率高）,2011-12,http://jinan.anjuke.com/community/view/398806
69,济南万科天泰金域国际二期,防城港市奥体中心东300米经十路北,117.14413086895,36.666879100337,13447,暂无数据,暂无数据,0%（绿化率适中）,暂无数据,http://jinan.anjuke.com/community/view/607348
70,恒大雅苑,防城港市齐鲁大道与青岛路交汇处,116.906021,36.6868488,11444,3984户,660000平方米（大型小区）,38%（绿化率高）,2013-12,http://jinan.anjuke.com/community/view/494954
71,万达广场帝景苑,防城港市经二路以南，经四路以北,117.00800578623,36.668978924902,20800,6000户,470000平方米（大型小区）,30%（绿化率高）,2010-01,http://jinan.anjuke.com/community/view/287669
72,三箭瑞福苑,防城港市经八纬一，省委对过,117.003874,36.6575255,20215,1300户,538000平方米（大型小区）,34%（绿化率高）,2013-11,http://jinan.anjuke.com/community/view/246036
73,经纬嘉园,防城港市发祥巷,116.990333,36.670161,8805,暂无数据,暂无数据,0%（绿化率适中）,暂无数据,http://jinan.anjuke.com/community/view/466944
74,绿地新里香榭丽公馆,防城港市济齐路与二环西路交汇处西100米,116.93739318848,36.695461273193,7224,5861户,920000平方米（大型小区）,35%（绿化率高）,暂无数据,http://jinan.anjuke.com/community/view/617043
75,经五路学区房,防城港市经五路，经六路，三里庄小区，仁...,116.99967956543,36.665702819824,21081,950户,120000平方米（大型小区）,15%（绿化率适中）,1994-01,http://jinan.anjuke.com/community/view/499599
76,振兴花园,防城港市经七纬十二,116.98146820068,36.65550994873,10496,200户,349800平方米（大型小区）,29%（绿化率适中）,2002-11,http://jinan.anjuke.com/community/view/325373
77,广厦聚隆广场,防城港市洪楼银座对面，洪楼南路1号,117.07227230609,36.690070804093,11593,1468户,220000平方米（大型小区）,35%（绿化率高）,2016-12,http://jinan.anjuke.com/community/view/618925
78,泉景天沅和园雅园,防城港市阳光新路卧龙路交叉口东南角,116.990391,36.6367331,13980,553户,160000平方米（大型小区）,35%（绿化率高）,2014-02,http://jinan.anjuke.com/community/view/398815
79,鑫苑世家公馆,防城港市青岛路与淄博路交汇处北行300米,116.99307023631,36.671877040202,7206,暂无数据,暂无数据,0%（绿化率适中）,暂无数据,http://jinan.anjuke.com/community/view/717644
80,幸福柳小区,防城港市幸福柳路8号,117.10456085205,36.723098754883,5968,暂无数据,200000平方米（大型小区）,35%（绿化率高）,2006-01,http://jinan.anjuke.com/community/view/605601
81,大地锐城,防城港市华能路38号,117.101484,36.6923333,9422,1584户,150000平方米（大型小区）,30%（绿化率高）,2010-09,http://jinan.anjuke.com/community/view/226090
82,保利中心华府,防城港市槐荫西市场经一路与纬十二路交汇...,116.98131236133,36.669148081762,11966,暂无数据,暂无数据,0%（绿化率适中）,暂无数据,http://jinan.anjuke.com/community/view/746817
83,方信家园,防城港市白马山南路15号,116.95700073242,36.629535675049,5148,暂无数据,暂无数据,0%（绿化率适中）,2010-01,http://jinan.anjuke.com/community/view/290236
84,绿地梵尔赛公馆,防城港市泺安路3号,116.999625,36.7187253,9324,10000户,7000000平方米（大型小区）,35%（绿化率高）,2014-06,http://jinan.anjuke.com/community/view/606113
85,世茂原山首府,防城港市济南市市中区白马山南路25,116.95377529879,36.627088760009,7262,暂无数据,暂无数据,0%（绿化率适中）,暂无数据,http://jinan.anjuke.com/community/view/639262
86,海尔绿城玫瑰园,防城港市龙鼎大道,117.13515499547,36.640636089081,25928,473户,1800000平方米（大型小区）,53%（绿化率高）,2013-11,http://jinan.anjuke.com/community/view/480477
87,鲁能领秀城中央公园,防城港市市中舜耕路延长线,117.01741737905,36.598462851645,14740,2600户,400000平方米（大型小区）,35%（绿化率高）,2011-05,http://jinan.anjuke.com/community/view/398792
88,海尔绿城桂花园,防城港市经十东路,117.13083615864,36.645443243315,20397,696户,1700平方米（小型小区）,45%（绿化率高）,2008-04,http://jinan.anjuke.com/community/view/487122
89,路劲东城,防城港市北园大街与二坏东路交汇处西南角...,117.07306651619,36.703983398306,9004,暂无数据,暂无数据,0%（绿化率适中）,暂无数据,http://jinan.anjuke.com/community/view/730719
90,碧桂园凤凰城,防城港市历城经十东路侧,117.410597,36.663856,8387,4588户,510000平方米（大型小区）,35%（绿化率高）,2012-02,http://jinan.anjuke.com/community/view/398882
91,领秀城漫山香墅,防城港市二环南路,117.018531,36.594274,20137,504户,147000平方米（大型小区）,60%（绿化率高）,2010-09,http://jinan.anjuke.com/community/view/372346
92,经十一路学区房,防城港市市中-英雄山-经十一路学区房,117.00942111706,36.65210522956,17925,暂无数据,508500平方米（大型小区）,35%（绿化率高）,1995-01,http://jinan.anjuke.com/community/view/578199
93,绿地泉景园,防城港市党杨路与刘长山路路口向东1500米,116.909161,36.6289665,7400,2700户,420000平方米（大型小区）,35%（绿化率高）,2013-06,http://jinan.anjuke.com/community/view/398808
94,祥泰汇东国际,防城港市花园路与奥体西路交汇处,117.116352,36.7002887,7827,1650户,104200平方米（大型小区）,30%（绿化率高）,2013-04,http://jinan.anjuke.com/community/view/398881
95,玉函路小区,防城港市玉函路,117.01935561967,36.620433981615,11004,暂无数据,暂无数据,0%（绿化率适中）,暂无数据,http://jinan.anjuke.com/community/view/410875
96,齐鲁世纪园,防城港市花园路80号,117.08514404297,36.692546844482,10316,1371户,40000平方米（中型小区）,40%（绿化率高）,2005-01,http://jinan.anjuke.com/community/view/226257
97,西城济水上苑,防城港市槐荫西客站腊山河西路与聊城路交...,116.9118852646,36.692007269722,7492,暂无数据,暂无数据,0%（绿化率适中）,暂无数据,http://jinan.anjuke.com/community/view/765859
98,新徐印象,防城港市凤凰路与涵源大街交汇处,117.152387,36.7020895,5552,5000户,480000平方米（大型小区）,35%（绿化率高）,2011-12,http://jinan.anjuke.com/community/view/225708
99,鑫源山庄,防城港市历下龙奥大厦正南龙鼎大道以南,117.12670539065,36.656640232152,13054,1256户,297000平方米（大型小区）,35%（绿化率高）,2013-08,http://jinan.anjuke.com/community/view/514354
100,山医宿舍,防城港市济南市历下区文化西路附近,117.02411441295,36.661808096743,22476,暂无数据,暂无数据,0%（绿化率适中）,1998-01,http://jinan.anjuke.com/community/view/626586
101,顺祥新区,防城港市经一纬八12号,116.98559570312,36.669513702393,9525,500户,44000平方米（中型小区）,35%（绿化率高）,2011-05,http://jinan.anjuke.com/community/view/333439
102,相公吉祥苑,防城港市郭店机场路重型,117.21395874023,36.805927276611,3393,2000户,200000平方米（大型小区）,31%（绿化率高）,2010-01,http://jinan.anjuke.com/community/view/244390
103,黄台电厂宿舍五区,防城港市工业北路北园立交桥东首,117.10650481911,36.721048102057,8703,暂无数据,暂无数据,25%（绿化率适中）,1995-06,http://jinan.anjuke.com/community/view/376688
104,凯旋新城嘉苑,防城港市经十路24666,116.96110859739,36.654438285497,11844,300户,200000平方米（大型小区）,35%（绿化率高）,2011-12,http://jinan.anjuke.com/community/view/398903
105,南全福单位宿舍,防城港市南全福大街126号,117.060612,36.700141,9486,700户,30000平方米（中型小区）,15%（绿化率适中）,1995-01,http://jinan.anjuke.com/community/view/331857
106,建筑新村,防城港市建筑新村,0,0,14207,1250户,8000平方米（中型小区）,15%（绿化率适中）,1993-01,http://jinan.anjuke.com/community/view/286159
107,保利泉馨苑,防城港市历下明湖东路北侧，保利大名湖西邻,117.045462,36.6847653,12484,348户,277370平方米（大型小区）,35%（绿化率高）,2011-05,http://jinan.anjuke.com/community/view/398847
108,经纬大厦,防城港市馆驿街318号,117.00633239746,36.674335479736,10633,暂无数据,暂无数据,0%（绿化率适中）,1990-01,http://jinan.anjuke.com/community/view/289750
109,海尔绿城百合园,"防城港市经十东路以南,奥体中心南龙奥大厦...",119.90963069054,31.010195993792,18025,64户,60000平方米（中型小区）,45%（绿化率高）,2010-03,http://jinan.anjuke.com/community/view/500118
110,凤鸣山庄,防城港市经十东路建筑大学东临,117.21569824219,36.679828643799,12173,暂无数据,暂无数据,45%（绿化率高）,2007-12,http://jinan.anjuke.com/community/view/226209
111,中国铁建·国际城,防城港市历下经十路与奥体西路交界处北行1...,117.11924,36.672004,15416,1175户,400000平方米（大型小区）,35%（绿化率高）,2014-00,http://jinan.anjuke.com/community/view/398795
112,建大花园三期,防城港市经十东路,117.125256,36.668085,12810,1500户,100000平方米（大型小区）,30%（绿化率高）,2015-12,http://jinan.anjuke.com/community/view/498038
113,万达公馆,防城港市市中 经二路以南，经四路以北，顺...,117.00983247599,36.671731647023,18585,320户,50000平方米（中型小区）,40%（绿化率高）,2012-06,http://jinan.anjuke.com/community/view/409514
114,子锋苑,防城港市经十东路燕山立交桥附近,117.070768,36.655259,18651,600户,12000平方米（中型小区）,25%（绿化率适中）,2013-12,http://jinan.anjuke.com/community/view/225716
115,聚贤街银行单位宿舍,防城港市天桥区聚贤街,117.012158,36.677783,10467,560户,2000平方米（小型小区）,19%（绿化率适中）,1997-03,http://jinan.anjuke.com/community/view/580604
116,海尔绿城·锦兰园,防城港市经十东路以南，奥体中心南侧,117.09984244085,36.658839286652,21453,暂无数据,暂无数据,0%（绿化率适中）,暂无数据,http://jinan.anjuke.com/community/view/409591
117,舜兴东方,防城港市历下经十路与洪山路交汇处南300米...,117.104144,36.6574969,15687,620户,110000平方米（大型小区）,35%（绿化率高）,2014-11,http://jinan.anjuke.com/community/view/582223
118,四建美林苑,防城港市天桥北园大街与无影山路交汇处,116.984866,36.6887097,12221,1408户,200000平方米（大型小区）,45%（绿化率高）,2013-05,http://jinan.anjuke.com/community/view/398867
119,东方天澍花园,防城港市历下经十东路省博物馆对面,117.103386,36.6609124,14396,750户,110000平方米（大型小区）,45%（绿化率高）,2013-12,http://jinan.anjuke.com/community/view/407946
120,明珠花园,防城港市和平路东首,117.07827758789,36.667140960693,13501,1520户,130000平方米（大型小区）,34%（绿化率高）,2008-09,http://jinan.anjuke.com/community/view/226234
121,逸城山色,防城港市旅游路与洪山路路口南,117.102072,36.6494955,19884,400户,73565平方米（中型小区）,35%（绿化率高）,2012-06,http://jinan.anjuke.com/community/view/268991
122,名辉豪庭,防城港市全福立交南，桑园路农科院边上,117.08466552552,36.708969985497,8685,4116户,600000平方米（大型小区）,35%（绿化率高）,暂无数据,http://jinan.anjuke.com/community/view/620440
123,绿园小区,防城港市经十路464号,116.96311187744,36.651008605957,10296,暂无数据,暂无数据,28%（绿化率适中）,1995-01,http://jinan.anjuke.com/community/view/400131
124,湖畔苑,防城港市大明湖北门正对，火车东站东临,117.031236,36.685004,10983,暂无数据,暂无数据,0%（绿化率适中）,暂无数据,http://jinan.anjuke.com/community/view/566572
125,南上山街小学和育英中学学区房,防城港市经七纬一路东南角 复兴大街  乐山...,117.008832,36.662782,18971,暂无数据,暂无数据,30%（绿化率高）,2000-01,http://jinan.anjuke.com/community/view/492291
126,枫景园,防城港市航运路2号/历城 全福枫景园,117.054503,36.698887,9662,600户,64500平方米（中型小区）,25%（绿化率适中）,2004-12,http://jinan.anjuke.com/community/view/573645
127,二七南路12号院,防城港市二七新村南路12号,116.99708557129,36.636035919189,9340,1000户,70000平方米（中型小区）,35%（绿化率高）,1998-01,http://jinan.anjuke.com/community/view/484512
128,市公安厅宿舍,防城港市市中区玉函路111号,117.01642292543,36.630069658951,12199,暂无数据,暂无数据,0%（绿化率适中）,暂无数据,http://jinan.anjuke.com/community/view/656536
129,鲁能泰山广场,防城港市经十路124号,117.016495,36.651522,6037,暂无数据,52000平方米（中型小区）,0%（绿化率适中）,暂无数据,http://jinan.anjuke.com/community/view/313210
130,黄金99华府,防城港市浆水泉路30号,117.0904840226,36.642838409411,18619,暂无数据,暂无数据,0%（绿化率适中）,暂无数据,http://jinan.anjuke.com/community/view/613101
131,金邸山庄,防城港市旅游路以南，牧牛山公园以西，回...,117.103267,36.6496025,20966,279户,67510平方米（中型小区）,35%（绿化率高）,2013-06,http://jinan.anjuke.com/community/view/225718
132,颐馨苑,防城港市海尔绿城全运村以南龙鼎大道以南...,117.12522657599,36.630637387188,15722,1224户,257469平方米（大型小区）,0%（绿化率适中）,2013-06,http://jinan.anjuke.com/community/view/460628
133,黄台电厂二宿舍,防城港市工业北路178号,117.10118865967,36.720355987549,7783,暂无数据,80000平方米（中型小区）,30%（绿化率高）,1995-07,http://jinan.anjuke.com/community/view/318249
134,建筑大学宿舍,防城港市历山路98号,117.0877532959,36.656181335449,16272,暂无数据,暂无数据,0%（绿化率适中）,2000-01,http://jinan.anjuke.com/community/view/378504
135,梁庄新区,防城港市建设路以东梁庄大街以北，英雄山...,117.01727638206,36.637951846097,11462,1500户,107500平方米（大型小区）,30%（绿化率高）,2013-01,http://jinan.anjuke.com/community/view/655725
136,聚贤街小区,防城港市聚贤街46号,117.012741,36.675119,9975,暂无数据,暂无数据,0%（绿化率适中）,暂无数据,http://jinan.anjuke.com/community/view/525249
137,智慧园,防城港市舜颂路688号,117.1400604248,36.680957794189,8738,暂无数据,暂无数据,35%（绿化率高）,2000-01,http://jinan.anjuke.com/community/view/248532
138,山景御园,防城港市市中七里山西路南首,117.000095,36.6202618,12291,400户,70000平方米（中型小区）,40%（绿化率高）,2012-12,http://jinan.anjuke.com/community/view/398771
139,伟东新都四区,防城港市八里洼路与玉函路交汇处,117.016168,36.62416,10877,2000户,288000平方米（大型小区）,40%（绿化率高）,2009-06,http://jinan.anjuke.com/community/view/568187
140,茂新新区,防城港市天桥区明湖西路1777号,117.00768967975,36.678775553298,10673,2400户,20000平方米（中型小区）,30%（绿化率高）,2011-08,http://jinan.anjuke.com/community/view/651701
141,和润幸福城,防城港市唐冶新城经十东路与唐冶西路交叉...,117.223274,36.6796324,8341,2200户,340000平方米（大型小区）,30%（绿化率高）,2014-10,http://jinan.anjuke.com/community/view/549546
142,燕山小区西路审计厅宿舍,防城港市燕山小区17号,117.06511041738,36.664870150939,17827,暂无数据,暂无数据,0%（绿化率适中）,暂无数据,http://jinan.anjuke.com/community/view/400239
143,实力粼湖居,防城港市槐荫区腊山路6号,116.92504749908,36.655062364447,8576,暂无数据,暂无数据,0%（绿化率适中）,暂无数据,http://jinan.anjuke.com/community/view/730003
144,龙腾国际花园,防城港市二环西路和张庄路交汇处,116.944296,36.6693748,8648,1400户,46000平方米（中型小区）,35%（绿化率高）,2015-12,http://jinan.anjuke.com/community/view/398884
145,恒大翡翠华庭,防城港市西客站兴福寺路与潍坊路交汇处（...,116.91268017307,36.677163841381,8700,710户,610000平方米（大型小区）,36%（绿化率高）,2016-10,http://jinan.anjuke.com/community/view/607450
146,蓝天绿园小区,防城港市山东省济南市郎茂山南侧，二环南...,116.997321,36.620117,11731,694户,122977平方米（大型小区）,38%（绿化率高）,13-06,http://jinan.anjuke.com/community/view/498987
147,祥泰森林河湾,防城港市历下化纤厂路2号（花园路与化纤厂...,117.103633,36.6949169,11846,570户,70000平方米（中型小区）,56%（绿化率高）,2012-03,http://jinan.anjuke.com/community/view/398798
148,杨北小区,防城港市工业北路,117.14936813394,36.72673214807,5231,900户,暂无数据,40%（绿化率高）,1995-02,http://jinan.anjuke.com/community/view/269033
149,融汇城,防城港市济南市中区二环南路与二环西路交...,116.94220382161,36.617279935673,5511,暂无数据,暂无数据,0%（绿化率适中）,暂无数据,http://jinan.anjuke.com/community/view/658714
150,万达广场达人界,防城港市经三纬一,117.005765,36.67067,12906,4000户,1000000平方米（大型小区）,40%（绿化率高）,2011-06,http://jinan.anjuke.com/community/view/334530
151,舜玉小区,防城港市伟东贵都,117.02359771729,36.631259918213,11934,720户,42100平方米（中型小区）,30%（绿化率高）,1995-01,http://jinan.anjuke.com/community/view/572812
152,电力设计院宿舍,防城港市闵子骞路58号,117.07549396666,36.67427467559,17576,2500户,450000平方米（大型小区）,30%（绿化率高）,1993-01,http://jinan.anjuke.com/community/view/308163
153,发祥福邸,防城港市天桥明湖西路北坦大街茂新街站东1...,117.015692,36.681308,16172,780户,140000平方米（大型小区）,36%（绿化率高）,2012-08,http://jinan.anjuke.com/community/view/398922
154,鑫苑名家,防城港市历山北路88号,117.048536,36.7056633,11211,5026户,700000平方米（大型小区）,35%（绿化率高）,2013-09,http://jinan.anjuke.com/community/view/225781
155,明湖东路单位宿舍,防城港市明湖东路,117.041865,36.684521,10320,暂无数据,暂无数据,0%（绿化率适中）,暂无数据,http://jinan.anjuke.com/community/view/308560
156,山水庭院,"防城港市牧牛山以西,旅游路以南(银座花园...",117.090937,36.6447822,18708,300户,150000平方米（大型小区）,40%（绿化率高）,2011-11,http://jinan.anjuke.com/community/view/225910
157,万科公园里,防城港市二环西路与幸福街交叉口南邻,116.94867807421,36.67773771179,8945,暂无数据,暂无数据,0%（绿化率适中）,暂无数据,http://jinan.anjuke.com/community/view/656257
158,肉联厂宿舍,防城港市工业北路268号,117.14717102051,36.724910736084,8177,暂无数据,暂无数据,25%（绿化率适中）,1900-01,http://jinan.anjuke.com/community/view/504312
159,省农科院三宿舍,防城港市二环东路1168号,117.07309972175,36.702055380284,9298,暂无数据,暂无数据,30%（绿化率高）,1995-04,http://jinan.anjuke.com/community/view/261557
160,杆南东街单位宿舍,防城港市杆南东街,117.016333,36.661182,14125,暂无数据,暂无数据,0%（绿化率适中）,暂无数据,http://jinan.anjuke.com/community/view/319817
161,省烟草宿舍,防城港市闵子骞路13号,117.07111,36.677772,12588,暂无数据,暂无数据,0%（绿化率适中）,暂无数据,http://jinan.anjuke.com/community/view/486201
162,花园小区二区,防城港市花洪路590号,117.06341320935,36.690239934125,10491,暂无数据,暂无数据,0%（绿化率适中）,暂无数据,http://jinan.anjuke.com/community/view/411821
163,福泰新都城,防城港市明水福泰路以北、双山西路以西、...,117.531862,36.7041709,6630,3506户,1000000平方米（大型小区）,38%（绿化率高）,2012-02,http://jinan.anjuke.com/community/view/225830
164,英雄山路130号,防城港市英雄山路130号,117.007739,36.630109,12671,暂无数据,暂无数据,0%（绿化率适中）,暂无数据,http://jinan.anjuke.com/community/view/457141
165,殷陈小区,防城港市飞跃大道,117.18254141415,36.714894392958,5539,暂无数据,暂无数据,0%（绿化率适中）,暂无数据,http://jinan.anjuke.com/community/view/596372
166,济安新区,防城港市经一路和顺河高架交叉口,117.01647746929,36.679932300561,11084,1078户,222000平方米（大型小区）,40%（绿化率高）,1996-01,http://jinan.anjuke.com/community/view/324601
167,山大南路东航宿舍,防城港市山大南路东段宿舍,117.07734871097,36.67741330124,12061,暂无数据,暂无数据,0%（绿化率适中）,暂无数据,http://jinan.anjuke.com/community/view/579884
168,历山路100号,防城港市历山路100号,117.045213,36.666649,16080,暂无数据,暂无数据,0%（绿化率适中）,暂无数据,http://jinan.anjuke.com/community/view/426868
169,杰正山山山,防城港市历下旅游路与洪山路路口西北,117.10109,36.6507517,13128,348户,33138平方米（中型小区）,42%（绿化率高）,2013-05,http://jinan.anjuke.com/community/view/497270
170,苏家小区,防城港市工业北路,117.14862060547,36.730777740479,6571,暂无数据,暂无数据,30%（绿化率高）,1998-01,http://jinan.anjuke.com/community/view/243425
171,御景山墅,防城港市二环东路和窑头路交汇处东北,117.08409118652,36.66381072998,19642,80户,19693平方米（中型小区）,42%（绿化率高）,2009-06,http://jinan.anjuke.com/community/view/226062
172,建中大学仕花园,防城港市环南路与济微路交叉口东南,116.96398,36.6172167,9131,545户,80000平方米（中型小区）,40%（绿化率高）,2013-06,http://jinan.anjuke.com/community/view/398778
173,燕东新路单位宿舍,防城港市燕东新路,117.087859,36.656806,13951,暂无数据,暂无数据,0%（绿化率适中）,暂无数据,http://jinan.anjuke.com/community/view/265321
174,新生活家园,防城港市会展西路,117.127825,36.696889,14158,500户,208400平方米（大型小区）,50%（绿化率高）,2008-11,http://jinan.anjuke.com/community/view/226284
175,万达豪景苑,防城港市经四路6弄3号,117.00682646527,36.670153695446,16967,360户,15平方米（小型小区）,30%（绿化率高）,2011-12,http://jinan.anjuke.com/community/view/542899
176,三庆世纪财富中心,防城港市新宇路,117.13392697464,36.686184162346,8499,暂无数据,暂无数据,2%（绿化率适中）,2010-01,http://jinan.anjuke.com/community/view/237167
177,伟东新都,防城港市舜耕路57号,117.02272000046,36.627981541083,12645,2580户,518480平方米（大型小区）,45%（绿化率高）,2005-10,http://jinan.anjuke.com/community/view/226293
178,龙园,"防城港市高新经十路以北,刘智远路以西,大...",117.158788,36.6716558,10994,289户,319013平方米（大型小区）,45%（绿化率高）,2011-01,http://jinan.anjuke.com/community/view/226111
179,楚天·燕山盛世,防城港市燕山立交桥的西南角,117.07368901648,36.655691618659,18344,243户,暂无数据,0%（绿化率适中）,2011-11,http://jinan.anjuke.com/community/view/244186
180,天和园小区,防城港市小清河北路66号,116.98769,36.709512,8817,暂无数据,暂无数据,0%（绿化率适中）,暂无数据,http://jinan.anjuke.com/community/view/480729
181,梁庄北区,防城港市梁庄大街北侧,116.99936119253,36.645981547083,9372,暂无数据,暂无数据,0%（绿化率适中）,暂无数据,http://jinan.anjuke.com/community/view/416026
182,安泰诚品,防城港市王官庄街,116.969069,36.6404801,9095,747户,110000平方米（大型小区）,35%（绿化率高）,2013-12,http://jinan.anjuke.com/community/view/517913
183,燕山学区房,防城港市山大路110号,117.062732,36.680918,17649,1600户,16000平方米（中型小区）,50%（绿化率高）,1990-03,http://jinan.anjuke.com/community/view/567522
184,兴济河三区,防城港市英雄山路234-2号,117.01311818538,36.610646871381,8500,暂无数据,暂无数据,0%（绿化率适中）,暂无数据,http://jinan.anjuke.com/community/view/411902
185,绿地新里爱丽舍公馆,防城港市站前广场,116.879294,36.6713017,9193,暂无数据,156144平方米（大型小区）,30%（绿化率高）,2013-12,http://jinan.anjuke.com/community/view/511306
186,花园小镇,防城港市花园路与化纤厂路交叉口东南角,117.10385922627,36.696667095366,10369,暂无数据,暂无数据,0%（绿化率适中）,暂无数据,http://jinan.anjuke.com/community/view/765780
187,北大时代,防城港市小清河北路,117.034968,36.7097516,7221,2100户,84000平方米（中型小区）,35%（绿化率高）,2016-01,http://jinan.anjuke.com/community/view/404975
188,华龙苑,防城港市华龙路与二环东路交叉口,117.09124265653,36.687631873567,10254,暂无数据,暂无数据,0%（绿化率适中）,2002-05,http://jinan.anjuke.com/community/view/288502
189,经三路宿舍,防城港市经三路,116.99981689453,36.669403076172,10010,408户,44472平方米（中型小区）,35%（绿化率高）,2001-01,http://jinan.anjuke.com/community/view/579133
190,浪潮玺园,防城港市高新区奥龙观邸南邻,117.137113,36.656266,14705,暂无数据,暂无数据,0%（绿化率适中）,暂无数据,http://jinan.anjuke.com/community/view/542848
191,实力·水景华府,防城港市经十西路与腊山北路交汇口,116.923913,36.6555619,7653,759户,70000平方米（中型小区）,35%（绿化率高）,2006-09,http://jinan.anjuke.com/community/view/400450
192,蓝石大溪地,防城港市槐荫经十西路2999号,116.864605,36.6536356,9578,暂无数据,400000平方米（大型小区）,71%（绿化率高）,2011-05,http://jinan.anjuke.com/community/view/398783
193,理想家园,防城港市工业南路与世纪大道交汇处,117.147321,36.695789,11617,暂无数据,暂无数据,0%（绿化率适中）,2010-05,http://jinan.anjuke.com/community/view/287871
194,二七中街单位宿舍,防城港市二七中街,116.99836730957,36.64253616333,9122,暂无数据,60030平方米（中型小区）,40%（绿化率高）,1999-01,http://jinan.anjuke.com/community/view/290859
195,山大五宿舍,防城港市花园路84-1号,117.08055114746,36.690811157227,12600,1000户,180000平方米（大型小区）,30%（绿化率高）,2000-01,http://jinan.anjuke.com/community/view/290821
196,段店馨苑小区,防城港市腊山立交桥东北角,116.939586,36.657225,5744,暂无数据,暂无数据,0%（绿化率适中）,暂无数据,http://jinan.anjuke.com/community/view/568296
197,康桥颐城,防城港市旅游路与洪山路交叉口,117.08995819092,36.645252227783,18399,421户,54236平方米（中型小区）,30%（绿化率高）,2011-08,http://jinan.anjuke.com/community/view/309413
198,郭店单位宿舍,防城港市郭店,117.237845,36.733657,5262,暂无数据,暂无数据,0%（绿化率适中）,暂无数据,http://jinan.anjuke.com/community/view/299115
199,绿地新都会,防城港市二环南路和英雄山路交叉口.,116.90440220512,36.669225635628,9974,5000户,4平方米（小型小区）,35%（绿化率高）,2016-06,http://jinan.anjuke.com/community/view/635433
200,羊头峪东沟24号,防城港市羊头峪路东沟24号,117.05802743291,36.658098993467,15061,暂无数据,暂无数据,0%（绿化率适中）,暂无数据,http://jinan.anjuke.com/community/view/549816
201,紫麟阁,防城港市历下济南市旅游路南转山遂道西侧1...,117.11197662354,36.648773193359,24459,300户,4平方米（小型小区）,40%（绿化率高）,2011-10,http://jinan.anjuke.com/community/view/366470
202,顺河新区,防城港市顺河西街3号,117.0137163199,36.674222108549,11591,暂无数据,暂无数据,0%（绿化率适中）,暂无数据,http://jinan.anjuke.com/community/view/311497
203,豫林嘉园,防城港市龙鼎大道南端西侧龙洞风景区北[,117.11756576529,36.62525355243,13733,396户,82114平方米（中型小区）,36%（绿化率高）,2014-10,http://jinan.anjuke.com/community/view/610776
204,聚贤街宿舍（天桥）,防城港市制锦市,117.01315204239,36.676597164732,11342,3652户,146014平方米（大型小区）,30%（绿化率高）,1996-01,http://jinan.anjuke.com/community/view/289480
205,阳光100,防城港市阳光新路19号 ,116.987933,36.6434124,11583,13000户,1780000平方米（大型小区）,45%（绿化率高）,2010-12,http://jinan.anjuke.com/community/view/226294
206,东荷苑,防城港市奥体中心东,117.14237358823,36.656438932308,13377,暂无数据,暂无数据,0%（绿化率适中）,暂无数据,http://jinan.anjuke.com/community/view/376312
207,建兴小区,防城港市建设路81号,116.99211883545,36.647899627686,11597,252户,26000平方米（中型小区）,30%（绿化率高）,1995-08,http://jinan.anjuke.com/community/view/239204
208,鲁能领秀城,防城港市舜耕路延长线,117.022143,36.5997155,13251,4500户,3240000平方米（大型小区）,42%（绿化率高）,2010-03,http://jinan.anjuke.com/community/view/226296
209,梁庄南区,防城港市市中八一立交桥南,117.032695,36.81188,9842,暂无数据,暂无数据,0%（绿化率适中）,暂无数据,http://jinan.anjuke.com/community/view/508707
210,百替·御园华府,防城港市历城经十东路以山东建筑大学西邻,117.183508,36.6822595,7980,460户,120000平方米（大型小区）,35%（绿化率高）,2013-06,http://jinan.anjuke.com/community/view/398842
211,大杨新区,防城港市经十西路,116.90294647217,36.651298522949,4355,3120户,100000平方米（大型小区）,30%（绿化率高）,2008-07,http://jinan.anjuke.com/community/view/288770
212,草山岭,防城港市奥体中心,117.143111,36.669186,7843,暂无数据,暂无数据,0%（绿化率适中）,暂无数据,http://jinan.anjuke.com/community/view/250234
213,百花小区,防城港市华龙路2150号 ,117.08129119873,36.685073852539,10579,2300户,230000平方米（大型小区）,40%（绿化率高）,2000-03,http://jinan.anjuke.com/community/view/226295
214,师东新村,防城港市文化东路,117.06195643712,36.660407130663,15414,暂无数据,暂无数据,30%（绿化率高）,1996-06,http://jinan.anjuke.com/community/view/269041
215,建大·教授花园,防城港市经十东路,117.19198346822,36.683262607367,11607,110户,320000平方米（大型小区）,42%（绿化率高）,2009-01,http://jinan.anjuke.com/community/view/225734
216,建工花园,防城港市二环东路6839号,117.07389831543,36.649974822998,14259,暂无数据,暂无数据,35%（绿化率高）,1998-01,http://jinan.anjuke.com/community/view/246286
217,槐花园小区,防城港市营市西街1号,116.96288299561,36.659164428711,12355,暂无数据,暂无数据,30%（绿化率高）,2009-11,http://jinan.anjuke.com/community/view/512157
218,明珠小区,防城港市山泉路西首,117.56165730276,36.712721621607,4383,暂无数据,暂无数据,0%（绿化率适中）,暂无数据,http://jinan.anjuke.com/community/view/314371
219,南全福小区（东西南区）,防城港市二环东路与北园路交界,117.06698372005,36.700884852206,9426,5000户,30000平方米（中型小区）,30%（绿化率高）,2000-02,http://jinan.anjuke.com/community/view/266134
220,中国诺贝尔城,防城港市经十东路,117.417143,36.6647457,6478,318户,830000平方米（大型小区）,35%（绿化率高）,2011-05,http://jinan.anjuke.com/community/view/398837
221,青年居易,防城港市北园大街679号,117.00724029541,36.69185256958,9807,1900户,72000平方米（中型小区）,30%（绿化率高）,2004-09,http://jinan.anjuke.com/community/view/226285
222,沐春家园,防城港市济南市市中区万寿路4号,117.0162671531,36.6089661078,11519,暂无数据,暂无数据,0%（绿化率适中）,暂无数据,http://jinan.anjuke.com/community/view/660044
223,雅秀园,防城港市英雄山与二环南路交汇处南行200米,117.00322723389,36.601268768311,11416,400户,38000平方米（中型小区）,30%（绿化率高）,2010-11,http://jinan.anjuke.com/community/view/225932
224,名士豪庭,防城港市经十路12372号 ,117.095026,36.6566302,19456,1121户,887200平方米（大型小区）,40%（绿化率高）,2009-12,http://jinan.anjuke.com/community/view/226282
225,东都国际,防城港市历城奥体中路与工业北路交叉口东1...,117.126506,36.7246169,7466,暂无数据,600000平方米（大型小区）,38%（绿化率高）,2013-12,http://jinan.anjuke.com/community/view/495857
226,千佛山西路单位宿舍,防城港市千佛山西路26号,117.03453791671,36.644551505318,18225,暂无数据,暂无数据,0%（绿化率适中）,1998-01,http://jinan.anjuke.com/community/view/468300
227,财政厅单位宿舍（市中）,防城港市济大路15号,117.019474,36.638387,13933,暂无数据,暂无数据,0%（绿化率适中）,1990-01,http://jinan.anjuke.com/community/view/261914
228,丁豪广场,防城港市高新技术产业开发区主干路工业南...,117.131105,36.6873346,10971,2213户,320000平方米（大型小区）,30%（绿化率高）,2012-01,http://jinan.anjuke.com/community/view/398912
229,鑫苑国际城市花园,防城港市工业南路36号 ,117.14115143976,36.692503861057,12425,3709户,292200平方米（大型小区）,35%（绿化率高）,2009-06,http://jinan.anjuke.com/community/view/226270
230,经十路218号,防城港市经十路218号,116.994458,36.654459,11428,暂无数据,暂无数据,0%（绿化率适中）,1997-05,http://jinan.anjuke.com/community/view/371586
231,天业翠苑西区,防城港市白马山南路15号,116.9605178833,36.632984161377,7752,暂无数据,暂无数据,0%（绿化率适中）,2010-01,http://jinan.anjuke.com/community/view/414841
232,百花苑小区,防城港市闵子骞路百花公园旁,117.07469177246,36.679504394531,12661,暂无数据,暂无数据,26%（绿化率适中）,1998-01,http://jinan.anjuke.com/community/view/410501
233,海尔绿城·全运村,防城港市经十东路以南，奥体中心南侧300米 ,117.13426,36.64941,19354,7000户,60000平方米（中型小区）,40%（绿化率高）,2009-06,http://jinan.anjuke.com/community/view/226225
234,英雄山路80号,防城港市英雄山路80号,117.008112,36.634896,10286,暂无数据,24000平方米（中型小区）,40%（绿化率高）,1992-11,http://jinan.anjuke.com/community/view/449518
235,电建路单位宿舍,防城港市电建路,117.079642,36.717537,7851,暂无数据,暂无数据,30%（绿化率高）,1997-05,http://jinan.anjuke.com/community/view/292954
236,鲁商常春藤,防城港市大学路,116.830232,36.5562045,5188,6000户,850000平方米（大型小区）,40%（绿化率高）,2010-10,http://jinan.anjuke.com/community/view/226015
237,楠洋小区,防城港市南外环路北,116.96269989014,36.619262695312,3626,暂无数据,暂无数据,35%（绿化率高）,2009-09,http://jinan.anjuke.com/community/view/298813
238,闵子骞散盘,防城港市闵子骞70号,117.0718505731,36.675954559812,12131,暂无数据,暂无数据,0%（绿化率适中）,暂无数据,http://jinan.anjuke.com/community/view/592664
239,舜山园小区,防城港市羊头峪路2号,117.05754852295,36.65270614624,15612,暂无数据,18000平方米（中型小区）,30%（绿化率高）,1999-01,http://jinan.anjuke.com/community/view/306751
240,泉景天沅智园,防城港市阳光新路与郎茂山路交界口,116.98688097622,36.634298042443,14102,暂无数据,暂无数据,0%（绿化率适中）,暂无数据,http://jinan.anjuke.com/community/view/517422
241,重汽翡翠东郡,防城港市高新经十路以北，圣井镇工业园区,117.423364,36.678818,5001,3485户,420000平方米（大型小区）,38%（绿化率高）,2011-11,http://jinan.anjuke.com/community/view/398925
242,中建锦绣兰庭,防城港市济南市青岛路与腊山河东路交口东5...,116.91949113607,36.684970287674,7132,暂无数据,暂无数据,0%（绿化率适中）,暂无数据,http://jinan.anjuke.com/community/view/717643
243,泉星小区二期,防城港市东工商河路17号,117.00067903876,36.692815599816,10233,暂无数据,暂无数据,30%（绿化率高）,暂无数据,http://jinan.anjuke.com/community/view/539677
244,景和山庄,防城港市高新区经十东路与凤鸣路交汇处,0,0,8588,暂无数据,暂无数据,0%（绿化率适中）,暂无数据,http://jinan.anjuke.com/community/view/727320
245,山水泉城北城,防城港市山水泉城政务区附近,117.528867,36.687713,7385,暂无数据,暂无数据,0%（绿化率适中）,暂无数据,http://jinan.anjuke.com/community/view/478025
246,三庆汇德公馆,防城港市花园东路与开拓路交汇处东行150米,0,0,8350,暂无数据,暂无数据,0%（绿化率适中）,暂无数据,http://jinan.anjuke.com/community/view/727087
247,东岸嘉园,防城港市经十东路与港西路交汇处西南,117.231059,36.6660911,6646,1416户,290000平方米（大型小区）,35%（绿化率高）,2013-06,http://jinan.anjuke.com/community/view/266308
248,黄金时代,防城港市经十路9999号 ,117.14015197754,36.673892974854,11193,1800户,200000平方米（大型小区）,35%（绿化率高）,2008-05,http://jinan.anjuke.com/community/view/226266
249,雅居园,防城港市崇华路1587号 ,117.133934021,36.678230285645,13422,920户,170000平方米（大型小区）,39%（绿化率高）,1970-01,http://jinan.anjuke.com/community/view/226256
250,山航宿舍,防城港市历下二环东路山航大厦5746号,117.075877,36.666636,15119,288户,3000平方米（中型小区）,25%（绿化率适中）,2001-01,http://jinan.anjuke.com/community/view/318931
251,汇展香格里拉,防城港市新宇路1号 ,117.129127,36.6937596,7786,2860户,220000平方米（大型小区）,37%（绿化率高）,2007-06,http://jinan.anjuke.com/community/view/226201
252,西苑小区五区,防城港市无影山中路,116.97177805445,36.693455045586,8291,暂无数据,暂无数据,0%（绿化率适中）,暂无数据,http://jinan.anjuke.com/community/view/410962
253,仁里新居,防城港市刘长山路,116.888888,36.570045,3218,700户,300000平方米（大型小区）,35%（绿化率高）,2013-07,http://jinan.anjuke.com/community/view/513275
254,幸福逸居,防城港市北园大街与历黄路交汇处北（欧亚...,117.034769,36.6936496,9133,352户,25000平方米（中型小区）,35%（绿化率高）,2012-12,http://jinan.anjuke.com/community/view/415910
255,外海蝶泉山庄,防城港市英雄山路与二环南路交汇处往西300米,116.991752,36.6020801,12411,1400户,235000平方米（大型小区）,50%（绿化率高）,2008-01,http://jinan.anjuke.com/community/view/226253
256,劳动厅宿舍,防城港市历山路146号,117.04468110709,36.655647121252,16852,238户,暂无数据,0%（绿化率适中）,1998-05,http://jinan.anjuke.com/community/view/321692
257,劳教所宿舍,防城港市刘长山路24号,116.97870635986,36.639919281006,9904,暂无数据,暂无数据,35%（绿化率高）,2002-01,http://jinan.anjuke.com/community/view/378389
258,兴盛家园,防城港市经七纬十二路,116.986067,36.659053,9575,暂无数据,暂无数据,35%（绿化率高）,2010-11,http://jinan.anjuke.com/community/view/306672
259,同圆·润和山居,防城港市济南长清大学科技园中华女子学院...,116.819707,36.5654403,14571,421户,75620平方米（中型小区）,41%（绿化率高）,2011-05,http://jinan.anjuke.com/community/view/225724
260,文化东路小区,防城港市文化东路,117.06392902605,36.660380718775,17570,920户,15000平方米（中型小区）,15%（绿化率适中）,2004-10,http://jinan.anjuke.com/community/view/260072
261,聚贤街单位宿舍,防城港市经一路,117.01335639492,36.673864526251,10355,暂无数据,暂无数据,0%（绿化率适中）,暂无数据,http://jinan.anjuke.com/community/view/437482
262,警察学院宿舍（高新）,防城港市工业南路32号,117.155813,36.700252,9805,暂无数据,暂无数据,33%（绿化率高）,2002-07,http://jinan.anjuke.com/community/view/289620
263,青年东路宿舍楼,防城港市文化西路青年东路交界,117.020544,36.660877,18134,暂无数据,暂无数据,0%（绿化率适中）,暂无数据,http://jinan.anjuke.com/community/view/306071
264,匡山小区,防城港市济齐路122号 ,116.95785522461,36.680316925049,8518,5184户,3200000平方米（大型小区）,30%（绿化率高）,1990-06,http://jinan.anjuke.com/community/view/226290
265,玉函路50号,防城港市玉函路50号,117.05100663519,36.693223033813,12037,暂无数据,暂无数据,0%（绿化率适中）,暂无数据,http://jinan.anjuke.com/community/view/655532
266,万达鸿景苑,防城港市经三路,117.001726,36.669534,16661,408户,44472平方米（中型小区）,35%（绿化率高）,2001-01,http://jinan.anjuke.com/community/view/524938
267,海尔绿城玉兰公寓,防城港市经十路南奥体东路,117.135557,36.665797,13354,475户,40000平方米（中型小区）,48%（绿化率高）,2008-01,http://jinan.anjuke.com/community/view/330917
268,文教大院,防城港市青年东路5号,117.03048706055,36.657836914062,17963,暂无数据,暂无数据,30%（绿化率高）,1999-01,http://jinan.anjuke.com/community/view/303803
269,齐鲁涧桥,防城港市章丘市明水双山大街35号，工业二...,117.536127,36.705534,6421,2000户,404400平方米（大型小区）,40%（绿化率高）,2010-04,http://jinan.anjuke.com/community/view/225926
270,越秀园,防城港市二环南路2169号,117.00975036621,36.603820800781,14838,暂无数据,暂无数据,30%（绿化率高）,2014-01,http://jinan.anjuke.com/community/view/611675
271,东方新天地花园,防城港市经四路与纬十二路交汇处西,116.975529,36.6639105,7606,735户,100490平方米（大型小区）,40%（绿化率高）,2011-12,http://jinan.anjuke.com/community/view/375864
272,林祥大厦,防城港市林祥南街５号,117.01109213813,36.667533065314,13677,暂无数据,暂无数据,0%（绿化率适中）,1900-01,http://jinan.anjuke.com/community/view/315271
273,汉峪小区,防城港市旅游路,117.13067405002,36.654450170131,9386,715户,27000平方米（中型小区）,35%（绿化率高）,2009-08,http://jinan.anjuke.com/community/view/471869
274,英雄山路单位宿舍,防城港市英雄山路128号 ,117.00753695731,36.631003687934,10256,750户,582200平方米（大型小区）,43%（绿化率高）,1995-01,http://jinan.anjuke.com/community/view/236959
275,山水泉城,防城港市章丘市明水新政务区北邻,117.522979,36.6888213,5891,1170户,1060000平方米（大型小区）,42%（绿化率高）,2012-11,http://jinan.anjuke.com/community/view/225938
276,北刘新区,防城港市经二路,117.01155090332,36.666496276855,11536,暂无数据,暂无数据,0%（绿化率适中）,2011-03,http://jinan.anjuke.com/community/view/483623
277,中海·奥龙观邸,防城港市奥体中心东500米,117.128897,36.6574534,16169,2800户,460000平方米（大型小区）,40%（绿化率高）,2013-01,http://jinan.anjuke.com/community/view/226012
278,郎茂山小区（一至五区）,防城港市七里山西路,116.99998798126,36.628982837593,8686,9200户,414000平方米（大型小区）,30%（绿化率高）,1993-02,http://jinan.anjuke.com/community/view/238283
279,红园小区,防城港市二环西路段店立交桥南,116.94377153541,36.645009375326,4134,2100户,250000平方米（大型小区）,40%（绿化率高）,2006-07,http://jinan.anjuke.com/community/view/226070
280,山艺宿舍,防城港市文化东路,117.05239824856,36.661107006897,16162,暂无数据,暂无数据,30%（绿化率高）,1998-01,http://jinan.anjuke.com/community/view/265910
281,阳光100四期,防城港市阳光新路25号,116.98914837736,36.64211221377,11050,1100户,120000平方米（大型小区）,45%（绿化率高）,2006-10,http://jinan.anjuke.com/community/view/367638
282,居易香桔市,防城港市槐荫街92号,116.96002197266,36.659832000732,9490,1175户,80000平方米（中型小区）,36%（绿化率高）,2009-03,http://jinan.anjuke.com/community/view/226222
283,长盛小区（南北区）,防城港市东关大街38号 ,117.04522913358,36.681936148597,12216,471户,330000平方米（大型小区）,25%（绿化率适中）,2000-01,http://jinan.anjuke.com/community/view/235690
284,永大颐和园,防城港市经十东路邢村立交桥西侧建筑大学...,117.213213,36.6808944,7810,1956户,277370平方米（大型小区）,45%（绿化率高）,2009-06,http://jinan.anjuke.com/community/view/226152
285,省广电局宿舍,防城港市青年东路7号,117.03102673043,36.656800048781,15077,暂无数据,暂无数据,0%（绿化率适中）,2000-01,http://jinan.anjuke.com/community/view/607759
286,涵玉翠玲,防城港市舜华南路与旅游路交汇处东南方向,117.16184473695,36.65303737145,10356,暂无数据,暂无数据,0%（绿化率适中）,暂无数据,http://jinan.anjuke.com/community/view/464463
287,青年西路单位宿舍,防城港市青年西路,117.01876831055,36.659675598145,13473,暂无数据,暂无数据,25%（绿化率适中）,1992-01,http://jinan.anjuke.com/community/view/266096
288,王官庄小区（一至十区）,防城港市王官庄,116.96840248783,36.640620259145,8151,9560户,638424平方米（大型小区）,30%（绿化率高）,1995-01,http://jinan.anjuke.com/community/view/226264
289,闵子骞路小区,防城港市闵子骞路62号,117.076554,36.675294,12687,暂无数据,暂无数据,0%（绿化率适中）,暂无数据,http://jinan.anjuke.com/community/view/364078
290,汇馨祥和苑,防城港市济齐路2号,116.94301221992,36.693131390451,8097,1512户,72863平方米（中型小区）,35%（绿化率高）,2007-04,http://jinan.anjuke.com/community/view/226205
291,保利花园,防城港市经十东路299号,117.211452,36.6813787,8542,1958户,265000平方米（大型小区）,45%（绿化率高）,2011-09,http://jinan.anjuke.com/community/view/226076
292,师范小区,防城港市西工商河路13号 ,116.9948425293,36.700977325439,9762,920户,44000平方米（中型小区）,35%（绿化率高）,2002-01,http://jinan.anjuke.com/community/view/235789
293,海信·龙奥九号,防城港市高新龙奥北路与奥体东路交叉口东...,117.13599,36.6582048,10388,2200户,143250平方米（大型小区）,25%（绿化率适中）,2013-12,http://jinan.anjuke.com/community/view/398839
294,锦绣泉城（一至三期）,防城港市华龙路999号 ,117.08838568539,36.687783750442,13083,2200户,260000平方米（大型小区）,45%（绿化率高）,2009-12,http://jinan.anjuke.com/community/view/226292
295,三箭如意苑,防城港市建设路85号,116.99325561523,36.643947601318,12859,1326户,480000平方米（大型小区）,35%（绿化率高）,2010-06,http://jinan.anjuke.com/community/view/226281
296,山大南路中段宿舍,防城港市历下-山大南路-山大南路中段宿舍,117.05333958465,36.677700807936,13415,暂无数据,54236平方米（中型小区）,30%（绿化率高）,1996-01,http://jinan.anjuke.com/community/view/578416
297,鲁贤家苑,防城港市济南市市中区济微路70号,116.96506788749,36.627216950773,8366,暂无数据,暂无数据,25%（绿化率适中）,2003-01,http://jinan.anjuke.com/community/view/627479
298,晨曦嘉园,防城港市中海奥龙观邸正南,117.13928450031,36.658689827288,12818,662户,484800平方米（大型小区）,40%（绿化率高）,2012-01,http://jinan.anjuke.com/community/view/576355
299,伟东新都新金都,防城港市八里洼路,117.02420043945,36.626796722412,12707,1629户,1033000平方米（大型小区）,40%（绿化率高）,2010-07,http://jinan.anjuke.com/community/view/303123
300,济泺名都,防城港市泺安路,116.993973,36.717978,9421,暂无数据,暂无数据,0%（绿化率适中）,暂无数据,http://jinan.anjuke.com/community/view/373000
301,玉函小区南区,防城港市英雄山路,117.017959,36.613062,9778,1512户,357000平方米（大型小区）,20%（绿化率适中）,2000-07,http://jinan.anjuke.com/community/view/240657
302,中齐未来城,防城港市工业南路济南国际会展中心东侧 ,117.139838,36.6939551,13000,1660户,150000平方米（大型小区）,40%（绿化率高）,2010-05,http://jinan.anjuke.com/community/view/226034
303,黄金佳苑,防城港市荆山东路108号,117.07828521729,36.648880004883,17482,284户,100000平方米（大型小区）,40%（绿化率高）,2010-01,http://jinan.anjuke.com/community/view/364911
304,伟东新都新贵都,防城港市舜耕路57号,117.02359008789,36.626953125,12665,1692户,1030000平方米（大型小区）,40%（绿化率高）,2005-11,http://jinan.anjuke.com/community/view/303128
305,地勘局宿舍,防城港市华能路,117.09870172629,36.691091633126,10570,暂无数据,暂无数据,0%（绿化率适中）,2002-01,http://jinan.anjuke.com/community/view/486809
306,青后小区,防城港市东关大街 ,117.04693603516,36.67658996582,14974,400户,23796平方米（中型小区）,25%（绿化率适中）,1995-02,http://jinan.anjuke.com/community/view/233873
307,和平花园,防城港市和平路 55号,117.04964447021,36.667316436768,16244,暂无数据,暂无数据,30%（绿化率高）,2003-01,http://jinan.anjuke.com/community/view/240981
308,乐成富翔天地,防城港市花园路45号,117.08386420357,36.693577320988,12060,2555户,30000平方米（中型小区）,45%（绿化率高）,2004-03,http://jinan.anjuke.com/community/view/226161
309,绿地城,防城港市世纪大道和绕城高速交口东1000米,117.23068609556,36.697253155322,4949,暂无数据,暂无数据,0%（绿化率适中）,暂无数据,http://jinan.anjuke.com/community/view/727886
310,玉函路94号电力宿舍,防城港市市中-玉函-玉函路94号电力宿舍,117.01652838768,36.631791142666,10107,暂无数据,暂无数据,0%（绿化率适中）,暂无数据,http://jinan.anjuke.com/community/view/578891
311,天业盛世花城,防城港市康虹路766号,117.13384246826,36.695537567139,11604,1574户,370000平方米（大型小区）,41%（绿化率高）,2008-12,http://jinan.anjuke.com/community/view/226286
312,正大城市花园（一至三期）,防城港市浆水泉路11号1 ,117.08980521121,36.65512073816,15085,500户,46800平方米（中型小区）,35%（绿化率高）,2010-12,http://jinan.anjuke.com/community/view/226045
313,工会学院宿舍,防城港市桑园路60号,117.073951,36.70601,10066,暂无数据,暂无数据,0%（绿化率适中）,暂无数据,http://jinan.anjuke.com/community/view/248182
314,中海紫御东郡,防城港市花园路与奥体中路交汇处,117.12042236328,36.70064163208,13107,2665户,360000平方米（大型小区）,35%（绿化率高）,2010-09,http://jinan.anjuke.com/community/view/226129
315,三发小区,防城港市开源大街,117.1722869873,36.981449127197,5082,暂无数据,暂无数据,30%（绿化率高）,暂无数据,http://jinan.anjuke.com/community/view/471631
316,新世界阳光花园,防城港市经七路669号,116.983013,36.6582211,13909,765户,210000平方米（大型小区）,30%（绿化率高）,2012-12,http://jinan.anjuke.com/community/view/226262
317,仁和盛庭,防城港市浆水泉路,117.08135920224,36.655767670001,13684,暂无数据,暂无数据,30%（绿化率高）,1990-03,http://jinan.anjuke.com/community/view/303434
318,制锦市小区,防城港市少年路34号 ,117.01834869385,36.674976348877,12467,920户,59000平方米（中型小区）,30%（绿化率高）,1996-07,http://jinan.anjuke.com/community/view/233835
319,电力建设一公司宿舍,防城港市工业北路236号,117.08404541016,36.713691711426,9186,980户,357000平方米（大型小区）,30%（绿化率高）,2004-04,http://jinan.anjuke.com/community/view/316043
320,质监局单位宿舍,防城港市英雄山路326号,117.012474,36.614568,9549,暂无数据,暂无数据,0%（绿化率适中）,1998-06,http://jinan.anjuke.com/community/view/367925
321,泉景天沅·仁园,防城港市郎茂山路11号,116.988855,36.63453,14332,暂无数据,78000平方米（中型小区）,0%（绿化率适中）,暂无数据,http://jinan.anjuke.com/community/view/326173
322,胜利大街民宅,防城港市胜利大街1号--50号,117.01125978722,36.663007954259,19558,暂无数据,暂无数据,0%（绿化率适中）,暂无数据,http://jinan.anjuke.com/community/view/315287
323,民政局宿舍,防城港市建设路99-3,116.990754,36.637357,10350,2000户,2000平方米（小型小区）,20%（绿化率适中）,2000-01,http://jinan.anjuke.com/community/view/358176
324,安全厅宿舍,防城港市玉函路83号,117.016503,36.630282,10743,暂无数据,暂无数据,0%（绿化率适中）,1999-11,http://jinan.anjuke.com/community/view/291437
325,上海花园,防城港市东晨大街100号,117.0968170166,36.705272674561,11137,2230户,280000平方米（大型小区）,40%（绿化率高）,2006-05,http://jinan.anjuke.com/community/view/238443
326,二七南路14号院,防城港市二七南路14号院,116.99632420744,36.63624700153,9218,暂无数据,暂无数据,0%（绿化率适中）,暂无数据,http://jinan.anjuke.com/community/view/476776
327,经四纬九小区,防城港市经四纬九,116.98488117001,36.664470511858,9743,暂无数据,暂无数据,0%（绿化率适中）,暂无数据,http://jinan.anjuke.com/community/view/261142
328,水晶东座,防城港市康虹路与开拓路交叉口北行50米,117.14199614464,36.700420456666,9832,202户,21134平方米（中型小区）,30%（绿化率高）,2014-04,http://jinan.anjuke.com/community/view/616196
329,齐鲁制药厂宿舍,防城港市工业北路243号,117.08660379752,36.717577784631,8097,暂无数据,暂无数据,0%（绿化率适中）,暂无数据,http://jinan.anjuke.com/community/view/476649
330,加州花园,防城港市英雄山路93号,117.0190017072,36.508025108315,7149,暂无数据,40000平方米（中型小区）,75%（绿化率高）,2006-01,http://jinan.anjuke.com/community/view/226151
331,报业文苑,防城港市槐荫腊山河西路与烟台路交汇处以北,116.91011107544,36.669153521068,8025,暂无数据,暂无数据,0%（绿化率适中）,暂无数据,http://jinan.anjuke.com/community/view/765861
332,洪楼花园小区,防城港市花园路,117.068962,36.689034,10236,暂无数据,暂无数据,0%（绿化率适中）,暂无数据,http://jinan.anjuke.com/community/view/467085
333,花园小区（一至五区）,防城港市花园路与红楼西路交界口,117.06206028256,36.690404905647,10162,暂无数据,210000平方米（大型小区）,12%（绿化率适中）,1995-01,http://jinan.anjuke.com/community/view/237477
334,重汽宿舍（田庄）,防城港市田庄东路8号,116.977386,36.695137,8812,3668户,15000平方米（中型小区）,35%（绿化率高）,1997-02,http://jinan.anjuke.com/community/view/322823
335,济南天马相城,防城港市高新经十东路 孙村立交 向北1公里...,117.301693,36.6850879,13819,189户,580000平方米（大型小区）,35%（绿化率高）,2012-06,http://jinan.anjuke.com/community/view/398909
336,交通厅单位宿舍(天桥）,防城港市成丰桥,116.999832,36.685114,8621,暂无数据,暂无数据,0%（绿化率适中）,暂无数据,http://jinan.anjuke.com/community/view/260023
337,锦园小区,防城港市七里河路21号,117.08633422852,36.686954498291,11506,暂无数据,暂无数据,30%（绿化率高）,2002-01,http://jinan.anjuke.com/community/view/292197
338,舜玉小区北区,防城港市舜玉路北侧,117.026037,36.634195,12332,920户,42100平方米（中型小区）,30%（绿化率高）,1995-01,http://jinan.anjuke.com/community/view/241146
339,花园小区五区,防城港市洪家楼西路13号附近,117.065591,36.692701,11111,暂无数据,暂无数据,0%（绿化率适中）,暂无数据,http://jinan.anjuke.com/community/view/568669
340,徐家花园,防城港市上新街,117.017672,36.663574,12208,暂无数据,暂无数据,0%（绿化率适中）,暂无数据,http://jinan.anjuke.com/community/view/303797
341,阳光100三期,防城港市阳光新路23号,116.98332953446,36.644865565634,12064,2650户,160000平方米（大型小区）,45%（绿化率高）,2008-02,http://jinan.anjuke.com/community/view/367637
342,舜耕路36号,防城港市舜耕路36号,117.029587,36.638034,16088,暂无数据,暂无数据,0%（绿化率适中）,1996-06,http://jinan.anjuke.com/community/view/376690
343,飞跃新城,防城港市飞跃大道东首,117.26199937762,36.716861942662,2361,暂无数据,暂无数据,30%（绿化率高）,2010-01,http://jinan.anjuke.com/community/view/249391
344,祥泰广场,防城港市英雄山路147号,117.009985,36.6222558,10423,暂无数据,200000平方米（大型小区）,30%（绿化率高）,2014-12,http://jinan.anjuke.com/community/view/518796
345,舜玉南区广播电视台宿舍,防城港市广播电视台宿舍,117.02124685132,36.63113936481,11725,暂无数据,暂无数据,0%（绿化率适中）,暂无数据,http://jinan.anjuke.com/community/view/572360
346,佛山苑（一至四区）,"防城港市朝山街48-2号附近,佛山街31号附近 ",117.03396291084,36.662613368454,16403,480户,172400平方米（大型小区）,10%（绿化率适中）,1993-10,http://jinan.anjuke.com/community/view/236025
347,英雄山路124号,防城港市英雄山路124号,117.007881,36.629804,10393,暂无数据,暂无数据,0%（绿化率适中）,1996-01,http://jinan.anjuke.com/community/view/418314
348,绿景嘉园,"防城港市历山路64号,山大南路111号 ",117.05421447754,36.678104400635,13618,560户,115450平方米（大型小区）,40%（绿化率高）,2001-10,http://jinan.anjuke.com/community/view/226277
349,泉舜小区（天桥）,防城港市天桥无影山中路121号,116.96125042318,36.685987660612,7500,暂无数据,暂无数据,0%（绿化率适中）,1994-01,http://jinan.anjuke.com/community/view/416859
350,经三纬六路20号,防城港市经三纬六路20号,116.991026,36.667118,8283,暂无数据,暂无数据,0%（绿化率适中）,暂无数据,http://jinan.anjuke.com/community/view/499046
351,燕山立交南单位宿舍,防城港市燕山立交南500米,117.07816385986,36.652506531083,13155,136户,暂无数据,31%（绿化率高）,1996-07,http://jinan.anjuke.com/community/view/296685
352,三盛国际公园,防城港市高新区舜华南路与旅游路交汇处,0,0,10898,暂无数据,暂无数据,0%（绿化率适中）,暂无数据,http://jinan.anjuke.com/community/view/787417
353,中海天悦府,防城港市高新舜风路与颖秀路交汇处,117.14646125028,36.681730884187,12814,暂无数据,暂无数据,0%（绿化率适中）,暂无数据,http://jinan.anjuke.com/community/view/787381
354,荣宝·御园,防城港市西客站东广场北行100米,116.89830321312,36.672969014936,7500,暂无数据,暂无数据,0%（绿化率适中）,暂无数据,http://jinan.anjuke.com/community/view/607436
355,绿地隆悦公馆,防城港市历城华龙路与华阳路交汇处,0,0,11960,暂无数据,暂无数据,0%（绿化率适中）,暂无数据,http://jinan.anjuke.com/community/view/788237
356,永大明珠东山花园,防城港市明水绣水大街与双山北路交叉路口,117.55240067743,36.69252492612,6886,暂无数据,500000平方米（大型小区）,10%（绿化率适中）,2008-12,http://jinan.anjuke.com/community/view/225843
357,王舍人鲍芳苑,防城港市从华联超市步行10分钟就到,117.16148377999,36.728790767983,4166,暂无数据,暂无数据,0%（绿化率适中）,暂无数据,http://jinan.anjuke.com/community/view/431234
358,千户豪庭,防城港市张庄路98号,116.95892333984,36.664218902588,6004,暂无数据,暂无数据,30%（绿化率高）,2010-10,http://jinan.anjuke.com/community/view/306710
359,黄金99,防城港市旅游路与浆水泉路交叉口西南角,117.08701,36.6451974,17936,1262户,900000平方米（大型小区）,39%（绿化率高）,2011-03,http://jinan.anjuke.com/community/view/226122
360,地矿局宿舍（山大南路）,防城港市山大南路54号,117.08243373424,36.655322458824,13232,暂无数据,暂无数据,0%（绿化率适中）,暂无数据,http://jinan.anjuke.com/community/view/249726
361,欧亚大观商都,防城港市阳光新路与卧龙路交叉口西北角,116.988586,36.6396751,5727,2000户,320000平方米（大型小区）,20%（绿化率适中）,2012-12,http://jinan.anjuke.com/community/view/398774
362,华龙路791号名人大第小区,防城港市华龙路791号名人大第小区,117.09295393224,36.687529789763,10270,暂无数据,暂无数据,0%（绿化率适中）,暂无数据,http://jinan.anjuke.com/community/view/566226
363,工人新村南村（东西区）,防城港市工人新村中街21-1号,117.00052325439,36.703414044682,9133,600户,54236平方米（中型小区）,20%（绿化率适中）,1989-01,http://jinan.anjuke.com/community/view/237197
364,金色阳光花园,防城港市堤口路177号,116.97189331055,36.678043365479,9969,1188户,115000平方米（大型小区）,40%（绿化率高）,2007-05,http://jinan.anjuke.com/community/view/225976
365,山水泉城南城,防城港市章丘市大学城中心区,117.522813,36.6776748,6236,805户,1060000平方米（大型小区）,50%（绿化率高）,2010-09,http://jinan.anjuke.com/community/view/225959
366,山东建工学院三宿舍,防城港市山师东路9号,117.051372,36.663914,16026,暂无数据,暂无数据,0%（绿化率适中）,暂无数据,http://jinan.anjuke.com/community/view/375213
367,燕鲁花园,防城港市北外环小鲁庄西行50米路北,116.97813415527,36.726818084717,5795,6000户,30000平方米（中型小区）,35%（绿化率高）,2010-12,http://jinan.anjuke.com/community/view/225941
368,粮食干部学校宿舍（闵子骞）,防城港市闵子骞路交叉路口,117.071517,36.677523,11220,暂无数据,暂无数据,0%（绿化率适中）,暂无数据,http://jinan.anjuke.com/community/view/437065
369,实力荣祥花园,防城港市经十路28288号 ,116.92873382568,36.656105041504,8143,3562户,532000平方米（大型小区）,35%（绿化率高）,2009-10,http://jinan.anjuke.com/community/view/226245
370,天建·公园壹号,防城港市师范路,116.99257627324,36.701967257613,10276,348户,暂无数据,38%（绿化率高）,2012-12,http://jinan.anjuke.com/community/view/225707
371,玉函路66号,防城港市玉函路66号,117.016998,36.635064,11835,暂无数据,暂无数据,0%（绿化率适中）,暂无数据,http://jinan.anjuke.com/community/view/528228
372,万豪君悦府,防城港市文化东路76号,117.053342,36.6601221,10866,3000户,104500平方米（大型小区）,35%（绿化率高）,2012-06,http://jinan.anjuke.com/community/view/316935
373,槐村西里,防城港市经六路槐村街,116.97481536865,36.659568786621,9610,550户,暂无数据,30%（绿化率高）,1996-01,http://jinan.anjuke.com/community/view/248400
374,七里堡小区（西南北区）,防城港市祝舜路和二环东路交叉口东南,117.079552,36.697207,9622,6100户,61000平方米（中型小区）,37%（绿化率高）,1990-05,http://jinan.anjuke.com/community/view/226249
375,泉印兰亭,防城港市花园路21号,117.09018707275,36.694904327393,11176,385户,27000平方米（中型小区）,45%（绿化率高）,2003-03,http://jinan.anjuke.com/community/view/226263
376,康成花园,防城港市济南火车站紧靠北面天桥西面,116.99798098749,36.677120166644,6331,暂无数据,暂无数据,0%（绿化率适中）,暂无数据,http://jinan.anjuke.com/community/view/657710
377,万达广场盛景苑,防城港市济南市市中区经二路以南经四路以...,117.00308951601,36.643481265123,16035,暂无数据,暂无数据,0%（绿化率适中）,暂无数据,http://jinan.anjuke.com/community/view/652339
378,三庆新鑫家园,防城港市化纤厂路4号,117.104704,36.69063,10256,780户,110000平方米（大型小区）,33%（绿化率高）,2002-01,http://jinan.anjuke.com/community/view/437097
379,铁路南苑小区,防城港市兴济河路,117.00206667629,36.597700445058,9299,3646户,5200平方米（中型小区）,30%（绿化率高）,2000-01,http://jinan.anjuke.com/community/view/238188
380,银丰花园,防城港市二环南路1299号,117.000826,36.6722748,14061,1431户,300000平方米（大型小区）,43%（绿化率高）,2011-09,http://jinan.anjuke.com/community/view/226071
381,银座花园,防城港市历下区转山西路7号,117.106929,36.6616079,18197,2950户,330000平方米（大型小区）,45%（绿化率高）,2007-05,http://jinan.anjuke.com/community/view/226288
382,景苑花园,防城港市工业北路西段路北100米处,117.08783721924,36.717830657959,8638,950户,150000平方米（大型小区）,30%（绿化率高）,2002-06,http://jinan.anjuke.com/community/view/226182
383,阳光舜城,防城港市阳光舜城,117.03459885012,36.614018256266,13070,414户,2800000平方米（大型小区）,67%（绿化率高）,2010-06,http://jinan.anjuke.com/community/view/225800
384,经六路散盘,防城港市绿地卢浮宫西侧50米,116.95860141806,36.66089967105,13355,暂无数据,暂无数据,0%（绿化率适中）,暂无数据,http://jinan.anjuke.com/community/view/508084
385,水泥制品厂单位宿舍(市中),防城港市白马山南路,116.964037,36.634631,7155,暂无数据,暂无数据,0%（绿化率适中）,暂无数据,http://jinan.anjuke.com/community/view/297485
386,麓秀山庄,防城港市七里山西路,116.98718261719,36.620323181152,9537,暂无数据,暂无数据,0%（绿化率适中）,2008-01,http://jinan.anjuke.com/community/view/241934
387,浪潮宿舍,防城港市山大北路,117.2817053668,36.692855601229,10363,暂无数据,暂无数据,0%（绿化率适中）,暂无数据,http://jinan.anjuke.com/community/view/499688
388,永大清华园,防城港市环山路137号,117.06474186929,36.64350506972,16304,850户,80000平方米（中型小区）,40%（绿化率高）,2003-12,http://jinan.anjuke.com/community/view/226237
389,舜苑小区,防城港市旅游路千佛山南国华东方美郡北,116.7779185414,36.567733977326,25170,暂无数据,暂无数据,0%（绿化率适中）,暂无数据,http://jinan.anjuke.com/community/view/409691
390,南郊宾馆宿舍,防城港市马鞍山路4号,117.02180596122,36.648679166313,17846,暂无数据,暂无数据,30%（绿化率高）,1997-06,http://jinan.anjuke.com/community/view/378138
391,千佛山西路5号,防城港市千佛山西路5号,117.03293973641,36.64692602732,16922,暂无数据,暂无数据,0%（绿化率适中）,暂无数据,http://jinan.anjuke.com/community/view/479727
392,丰奥嘉园,防城港市奥体西路,117.115025,36.6953202,11540,1775户,370000平方米（大型小区）,35%（绿化率高）,2012-07,http://jinan.anjuke.com/community/view/225980
393,省气象局单位宿舍,防城港市田庄中路,116.9838655023,36.695989651368,11364,暂无数据,暂无数据,40%（绿化率高）,1992-07,http://jinan.anjuke.com/community/view/303328
394,地震局宿舍,防城港市文化东路20号,117.07273015166,36.660338532623,16932,暂无数据,暂无数据,0%（绿化率适中）,1996-01,http://jinan.anjuke.com/community/view/296778
395,重汽翡翠郡（南/北区）,防城港市西工商河路13号,116.994307,36.6947961,15235,4129户,680000平方米（大型小区）,40%（绿化率高）,2009-04,http://jinan.anjuke.com/community/view/226276
396,和信花园,防城港市经一路与纬一路交汇处,117.00876684038,36.67688413563,13001,1611户,262700平方米（大型小区）,35%（绿化率高）,2011-08,http://jinan.anjuke.com/community/view/225705
397,二七南路单位宿舍,防城港市二七新村南路16号,116.99766952075,36.636899743825,9695,10000户,70000平方米（中型小区）,35%（绿化率高）,1994-01,http://jinan.anjuke.com/community/view/318796
398,鲁能康桥颐东小区,防城港市崇华路,117.126138,36.67811,13687,1013户,28095平方米（中型小区）,30%（绿化率高）,2010-04,http://jinan.anjuke.com/community/view/241366
399,香港国际,防城港市北园大街与黄冈路交汇处,116.96308898926,36.689571380615,9774,1212户,120000平方米（大型小区）,40%（绿化率高）,2011-08,http://jinan.anjuke.com/community/view/225931
400,彩虹湖,防城港市高新经十东路 孙村立交 向北1公里...,117.282824,36.6879295,5775,2899户,419590平方米（大型小区）,35%（绿化率高）,2013-10,http://jinan.anjuke.com/community/view/584625
401,馨苑小区,防城港市二环西路韩家庄,116.94251251221,36.658176422119,5468,3200户,1200000平方米（大型小区）,35%（绿化率高）,2009-01,http://jinan.anjuke.com/community/view/292003
402,原机床一厂宿舍,防城港市小梁庄街271号,116.994403,36.649295,10032,暂无数据,暂无数据,0%（绿化率适中）,暂无数据,http://jinan.anjuke.com/community/view/511658
403,济钢新村,防城港市新村中路,117.189996,36.726581,6668,暂无数据,暂无数据,0%（绿化率适中）,暂无数据,http://jinan.anjuke.com/community/view/479596
404,重汽彩世界,防城港市北园大街与济齐路交汇处,116.96288299561,36.688343048096,6281,2160户,150000平方米（大型小区）,30%（绿化率高）,2008-10,http://jinan.anjuke.com/community/view/226109
405,财政厅东院,防城港市济大路1号,117.02632,36.638301,15620,暂无数据,暂无数据,0%（绿化率适中）,暂无数据,http://jinan.anjuke.com/community/view/493896
406,鲁能领秀公馆,防城港市中领秀城贵和购物中心南行2000米...,117.02534987014,36.602240296859,10570,暂无数据,暂无数据,0%（绿化率适中）,暂无数据,http://jinan.anjuke.com/community/view/786174
407,千佛山东路单位宿舍,防城港市千佛山东路及千佛山东二路交界处,117.05159759521,36.648933410645,18262,850户,27000平方米（中型小区）,25%（绿化率适中）,1997-02,http://jinan.anjuke.com/community/view/239714
408,中国中铁·诺德名城,防城港市章丘世纪大道南章丘新政务区西临,117.503647,36.6972781,5994,2500户,1122000平方米（大型小区）,30%（绿化率高）,2012-12,http://jinan.anjuke.com/community/view/398777
409,南辛庄东路单位宿舍,防城港市南辛庄东路,116.977382,36.650783,9586,暂无数据,暂无数据,0%（绿化率适中）,暂无数据,http://jinan.anjuke.com/community/view/292964
410,北小辛庄宿舍,防城港市北小莘庄西街4号,116.97421615454,36.658826326755,9260,暂无数据,暂无数据,31%（绿化率高）,1997-01,http://jinan.anjuke.com/community/view/477757
411,橡胶厂单位宿舍,防城港市省胸科医院南邻,117.05031736241,36.675010663419,8669,暂无数据,暂无数据,30%（绿化率高）,1980-01,http://jinan.anjuke.com/community/view/421191
412,玉函路单位宿舍,防城港市玉函路80号,117.01690673828,36.63745880127,12023,128户,4000平方米（中型小区）,35%（绿化率高）,1996-01,http://jinan.anjuke.com/community/view/239206
413,玉函南区特教中心宿舍,防城港市玉函小区南区,117.017973,36.613044,9517,暂无数据,暂无数据,0%（绿化率适中）,暂无数据,http://jinan.anjuke.com/community/view/400163
414,棋盘小区（一至六区）,防城港市棋盘街18号,117.03908110408,36.662543086616,14912,898户,21000平方米（中型小区）,19%（绿化率适中）,1990-06,http://jinan.anjuke.com/community/view/238177
415,西苑小区（一至四区）,防城港市西苑路15号 ,116.970405,36.694261,8248,600户,830000平方米（大型小区）,30%（绿化率高）,1995-01,http://jinan.anjuke.com/community/view/225913
416,国税局宿舍（建设路）,防城港市建设路15号,116.99451446533,36.639911651611,10883,暂无数据,暂无数据,2%（绿化率适中）,1996-01,http://jinan.anjuke.com/community/view/357023
417,舜耕路北段单位宿舍,防城港市舜耕路,117.03119835318,36.651176976155,15542,暂无数据,暂无数据,5%（绿化率适中）,1995-03,http://jinan.anjuke.com/community/view/290745
418,齐鲁药厂宿舍,防城港市工业北路236号,117.10047149658,36.718948364258,8647,1200户,42100平方米（中型小区）,20%（绿化率适中）,1986-07,http://jinan.anjuke.com/community/view/245611
419,凯旋新城,防城港市经十路510号,116.956882,36.6551516,11180,100户,270000平方米（大型小区）,37%（绿化率高）,2011-04,http://jinan.anjuke.com/community/view/226140
420,英雄山路130号院,防城港市英雄山路130号院,117.007701,36.629883,12337,暂无数据,暂无数据,0%（绿化率适中）,暂无数据,http://jinan.anjuke.com/community/view/572472
421,凯旋新城,防城港市经十路510号,116.956882,36.6551516,11180,100户,270000平方米（大型小区）,37%（绿化率高）,2011-04,http://jinan.anjuke.com/community/view/226140
422,眼明泉小区,防城港市世纪大道与龙泉小区交界处,117.52191162109,36.726444244385,6105,暂无数据,暂无数据,36%（绿化率高）,2000-01,http://jinan.anjuke.com/community/view/481099
423,山东艺术学院宿舍,防城港市文化东路68号,117.05280944463,36.660804866351,15980,暂无数据,暂无数据,30%（绿化率高）,2000-01,http://jinan.anjuke.com/community/view/316650
424,重汽嘉盛苑,防城港市堤口路41号,116.99411773682,36.684288024902,10439,3000户,100000平方米（大型小区）,35%（绿化率高）,2006-06,http://jinan.anjuke.com/community/view/303163
425,燕翅家园,防城港市燕翅山,117.06426065985,36.647425389323,13197,暂无数据,暂无数据,0%（绿化率适中）,1990-01,http://jinan.anjuke.com/community/view/300005
426,历山名郡,防城港市历山路175号,117.043911,36.6602084,30709,1000户,220000平方米（大型小区）,30%（绿化率高）,2009-05,http://jinan.anjuke.com/community/view/226195
427,绿城玉兰花园,防城港市高新旅游路与舜华南路交汇处,0,0,13001,暂无数据,暂无数据,0%（绿化率适中）,暂无数据,http://jinan.anjuke.com/community/view/788225
428,玉函路38号,防城港市玉函路38号 ,117.019129,36.641313,11147,暂无数据,暂无数据,0%（绿化率适中）,暂无数据,http://jinan.anjuke.com/community/view/476090
429,万豪国际·SOHO,防城港市文化东路76号,117.055668,36.6605923,17602,3000户,104500平方米（大型小区）,35%（绿化率高）,2011-06,http://jinan.anjuke.com/community/view/225948
430,鲁商·御龙湾,防城港市大学科技园大学路2377号（园博园...,116.82826764126,36.54621767902,8482,暂无数据,140000平方米（大型小区）,39%（绿化率高）,暂无数据,http://jinan.anjuke.com/community/view/225879
431,新天地小区,防城港市福康路,117.52940135269,36.712694223331,10575,暂无数据,暂无数据,0%（绿化率适中）,暂无数据,http://jinan.anjuke.com/community/view/513123
432,华阳新区,防城港市华阳路80号,117.10038878791,36.686496495979,10512,暂无数据,暂无数据,30%（绿化率高）,2010-01,http://jinan.anjuke.com/community/view/323934
433,中润世纪城,防城港市经十路12777号 ,117.08374786377,36.658332824707,15153,400户,1000000平方米（大型小区）,60%（绿化率高）,2005-03,http://jinan.anjuke.com/community/view/226259
434,长清文昌小区,防城港市宾谷街东段,116.771456,36.559515,5413,暂无数据,暂无数据,0%（绿化率适中）,暂无数据,http://jinan.anjuke.com/community/view/413955
435,紫明山庄,防城港市党杨路,116.903631,36.621983,3466,暂无数据,暂无数据,0%（绿化率适中）,暂无数据,http://jinan.anjuke.com/community/view/375100
436,清河北路山化宿舍,防城港市清河北路,117.02793344252,36.705619502956,8018,暂无数据,暂无数据,0%（绿化率适中）,1995-01,http://jinan.anjuke.com/community/view/574147
437,国华经典,防城港市解放路30号,117.06638336182,36.671447753906,15664,560户,110000平方米（大型小区）,35%（绿化率高）,2005-05,http://jinan.anjuke.com/community/view/225991
438,天桥区委宿舍,防城港市无影山西路2号,116.97679901123,36.688369750977,8727,暂无数据,暂无数据,0%（绿化率适中）,1996-01,http://jinan.anjuke.com/community/view/287693
439,卧龙花园,防城港市郎茂山路29号,116.98800923491,36.632468440817,13429,3650户,200000平方米（大型小区）,35%（绿化率高）,2004-01,http://jinan.anjuke.com/community/view/225872
440,正觉寺小区二区,防城港市泺文路正觉寺小区二区1号楼保险公...,117.03013855087,36.663781933388,17686,暂无数据,暂无数据,0%（绿化率适中）,暂无数据,http://jinan.anjuke.com/community/view/483429
441,海洋与渔业厅宿舍,防城港市历山路55号,117.052905,36.683119,10134,180户,2平方米（小型小区）,0%（绿化率适中）,1988-01,http://jinan.anjuke.com/community/view/414389
442,甸柳小区（一至八区）,防城港市甸柳庄,117.07263339552,36.664814416608,19108,920户,222000平方米（大型小区）,15%（绿化率适中）,1994-08,http://jinan.anjuke.com/community/view/237780
443,逸东花园,防城港市华信路6-1号 ,117.095631,36.691123,10586,2000户,200000平方米（大型小区）,40%（绿化率高）,2002-01,http://jinan.anjuke.com/community/view/226273
444,福润康城,防城港市黄台南路14号,117.06166481037,36.694065573844,11204,720户,65000平方米（中型小区）,38%（绿化率高）,2008-09,http://jinan.anjuke.com/community/view/226177
445,美里新居,防城港市清河北路西首 ,117.001523,36.6717964,6684,720户,34340平方米（中型小区）,36%（绿化率高）,2007-11,http://jinan.anjuke.com/community/view/226099
446,假日丽景,防城港市农干院路与花园路交界处,117.09850311279,36.696109771729,12059,600户,160000平方米（大型小区）,35%（绿化率高）,2010-12,http://jinan.anjuke.com/community/view/226016
447,团省委单位宿舍,防城港市市中区英雄山2号团委单位宿舍,117.01262005225,36.646942716184,16353,暂无数据,暂无数据,0%（绿化率适中）,暂无数据,http://jinan.anjuke.com/community/view/658807
448,鲍山花园,防城港市二环东路北段,117.19828954129,36.716440654001,5423,暂无数据,暂无数据,0%（绿化率适中）,1998-01,http://jinan.anjuke.com/community/view/504776
449,千佛山医院宿舍,防城港市山师东路23号院,117.032775,36.649259,18197,暂无数据,27000平方米（中型小区）,35%（绿化率高）,1997-01,http://jinan.anjuke.com/community/view/432133
450,正大利农六号,防城港市历下利农庄路6号（东西贯穿山大路...,117.058703,36.6799232,14654,500户,12494平方米（中型小区）,35%（绿化率高）,2011-12,http://jinan.anjuke.com/community/view/398775
451,地堪局宿舍,防城港市华能路,117.09758,36.691013,11128,暂无数据,暂无数据,0%（绿化率适中）,2002-01,http://jinan.anjuke.com/community/view/242480
452,新龙家园（一至三期）,防城港市华龙路399号,117.09803556998,36.688034233822,10430,453户,100000平方米（大型小区）,45%（绿化率高）,2002-12,http://jinan.anjuke.com/community/view/225786
453,东山小区,防城港市旅游路66号,117.55229949951,36.695121765137,25735,暂无数据,暂无数据,20%（绿化率适中）,2011-01,http://jinan.anjuke.com/community/view/339792
454,易通花园,防城港市山西路22号,117.10929340185,36.655880936088,16741,暂无数据,暂无数据,45%（绿化率高）,2006-01,http://jinan.anjuke.com/community/view/250199
455,黄屯小区（一至六区）,防城港市无影山东路南口 ,116.9902376534,36.686092299405,8652,600户,500000平方米（大型小区）,20%（绿化率适中）,1995-02,http://jinan.anjuke.com/community/view/235799
456,省体宿舍,防城港市玉函路,117.02000508393,36.644523515277,11746,暂无数据,暂无数据,0%（绿化率适中）,暂无数据,http://jinan.anjuke.com/community/view/459025
457,山师东路单位宿舍（散盘）,防城港市山师东路中段,117.05138376362,36.657676791016,15746,450户,48000平方米（中型小区）,24%（绿化率适中）,1994-01,http://jinan.anjuke.com/community/view/308126
458,警察学院宿舍(历下),防城港市山大路244号,117.062797,36.658971,18163,暂无数据,暂无数据,0%（绿化率适中）,暂无数据,http://jinan.anjuke.com/community/view/247304
459,泺祥小区,防城港市无影山路,116.99870020054,36.692536142418,9755,暂无数据,暂无数据,0%（绿化率适中）,2011-01,http://jinan.anjuke.com/community/view/354115
460,明星小区（槐荫）,防城港市经十西路,116.91416168213,36.653938293457,7173,2250户,21300平方米（中型小区）,23%（绿化率适中）,2001-07,http://jinan.anjuke.com/community/view/237328
461,舜玉小区南区,防城港市舜玉路南侧,117.0213607621,36.629123812964,11731,720户,54236平方米（中型小区）,30%（绿化率高）,1990-10,http://jinan.anjuke.com/community/view/237219
462,三庆新馨家园,防城港市化纤厂路6号附近 ,117.10431552104,36.690849079408,11472,780户,110000平方米（大型小区）,33%（绿化率高）,2004-12,http://jinan.anjuke.com/community/view/226261
463,泉城花园,"防城港市幸福街25号,幸福街27号,幸福街29...",116.955531,36.6814746,8891,3000户,350000平方米（大型小区）,45%（绿化率高）,2008-05,http://jinan.anjuke.com/community/view/226271
464,山东建工学院一宿舍,防城港市历山路96号,117.05035764208,36.665791992071,15498,暂无数据,暂无数据,0%（绿化率适中）,1997-05,http://jinan.anjuke.com/community/view/375211
465,伟东新都银都,防城港市舜耕路57号,117.02379608154,36.627735137939,11511,1692户,1033000平方米（大型小区）,40%（绿化率高）,2008-01,http://jinan.anjuke.com/community/view/303289
466,青龙山小区,防城港市青龙山北路16号,116.9758539243,36.635368684238,7491,暂无数据,暂无数据,0%（绿化率适中）,暂无数据,http://jinan.anjuke.com/community/view/287347
467,玉函新南区,防城港市兴济河北,117.02030181885,36.615451812744,9323,1512户,110370平方米（大型小区）,35%（绿化率高）,1998-12,http://jinan.anjuke.com/community/view/240724
468,万达华府,防城港市工业南路与会展东路交汇处,117.13378387294,36.69061459352,12894,暂无数据,暂无数据,0%（绿化率适中）,暂无数据,http://jinan.anjuke.com/community/view/795260
469,二七新村单位宿舍,防城港市二七新村,117.00254732754,36.644605572156,10107,暂无数据,暂无数据,0%（绿化率适中）,暂无数据,http://jinan.anjuke.com/community/view/290727
470,新菜市街（北坦）,防城港市新菜市街,117.011704,36.683035,8019,暂无数据,暂无数据,0%（绿化率适中）,暂无数据,http://jinan.anjuke.com/community/view/260430
471,巴黎花园,防城港市明湖西路303号,117.018085,36.6823087,13289,1400户,210000平方米（大型小区）,40%（绿化率高）,2009-12,http://jinan.anjuke.com/community/view/226241
472,外海西子城市花园,防城港市幸福街19号,116.9538269043,36.682132720947,9003,1400户,360000平方米（大型小区）,45%（绿化率高）,2006-11,http://jinan.anjuke.com/community/view/226216
473,区委宿舍,防城港市英雄山路78号院,117.008206,36.63509,10170,暂无数据,暂无数据,0%（绿化率适中）,暂无数据,http://jinan.anjuke.com/community/view/438761
474,海辰苑,防城港市历下区浆水泉板块福地街777号,117.10252981213,36.650303827179,16157,暂无数据,暂无数据,0%（绿化率适中）,暂无数据,http://jinan.anjuke.com/community/view/725204
475,八里洼路单位宿舍,防城港市市中八里洼路,117.01951599121,36.626003265381,11033,暂无数据,暂无数据,30%（绿化率高）,1992-01,http://jinan.anjuke.com/community/view/572805
476,黄金花园,防城港市花园庄东路37号,117.060269,36.682973,11320,128户,21587平方米（中型小区）,44%（绿化率高）,2007-01,http://jinan.anjuke.com/community/view/226093
477,美里花园,防城港市美里路,116.90840911865,36.725143432617,3729,3200户,5620000平方米（大型小区）,35%（绿化率高）,2009-02,http://jinan.anjuke.com/community/view/375559
478,明湖小区,防城港市运暑街12号,117.03754103429,36.674206338697,14373,553户,44000平方米（中型小区）,25%（绿化率适中）,1998-01,http://jinan.anjuke.com/community/view/237317
479,段北东路单位宿舍,防城港市段北东路,116.947079,36.659897,8876,暂无数据,暂无数据,0%（绿化率适中）,1994-06,http://jinan.anjuke.com/community/view/288283
480,羊头峪东沟2号,防城港市羊头峪东沟2号,117.05800906613,36.657841616881,16542,暂无数据,暂无数据,0%（绿化率适中）,暂无数据,http://jinan.anjuke.com/community/view/562064
481,段北东路单位宿舍,防城港市段北东路,116.947079,36.659897,8876,暂无数据,暂无数据,0%（绿化率适中）,1994-06,http://jinan.anjuke.com/community/view/288283
482,羊头峪东沟2号,防城港市羊头峪东沟2号,117.05800906613,36.657841616881,16542,暂无数据,暂无数据,0%（绿化率适中）,暂无数据,http://jinan.anjuke.com/community/view/562064
483,名都花园,防城港市英雄山路12号,117.00450897217,36.648498535156,21348,暂无数据,暂无数据,0%（绿化率适中）,2000-06,http://jinan.anjuke.com/community/view/308638
484,龙岱花园,防城港市北园大街26号,117.06301718017,36.702154319021,8569,900户,100000平方米（大型小区）,25%（绿化率适中）,2002-04,http://jinan.anjuke.com/community/view/226211
485,南券门巷,防城港市泺源大街,117.028082,36.664652,15422,暂无数据,暂无数据,0%（绿化率适中）,暂无数据,http://jinan.anjuke.com/community/view/511014
486,兴苑家居,防城港市二环南路8833号,116.960128,36.618217,5000,暂无数据,暂无数据,0%（绿化率适中）,暂无数据,http://jinan.anjuke.com/community/view/503577
487,新华书店家属院,防城港市英雄山路256号,117.010085,36.61156,8376,暂无数据,暂无数据,0%（绿化率适中）,1998-01,http://jinan.anjuke.com/community/view/477723
488,京鲁山庄,防城港市二环南路6666号,116.98541259766,36.619380950928,9447,820户,110000平方米（大型小区）,35%（绿化率高）,2007-10,http://jinan.anjuke.com/community/view/226224
489,东兴寓城花园,防城港市南全福大街1209号,117.07000732422,36.700992584229,10819,460户,93000平方米（中型小区）,40%（绿化率高）,2007-12,http://jinan.anjuke.com/community/view/226121
